,Year,ID,Table_Name,Commodity_Code,Provision_Method,Duration,Expenditure
1082,1400,22303633323,entertainment,93114,Purchase,30,1000000.0
1083,1400,22303633323,entertainment,93314,Purchase,30,550000.0
1084,1400,22303632932,entertainment,95122,Purchase,30,240000.0
1085,1400,22303632932,entertainment,95418,Purchase,30,50000.0
1086,1400,22303633320,entertainment,95411,Purchase,30,50000.0
1087,1400,22310635726,entertainment,93114,Purchase,30,3500000.0
1088,1400,22310635735,entertainment,93114,Purchase,30,1900000.0
1089,1400,22313637322,entertainment,93114,Purchase,30,390000.0
1090,1400,22313637322,entertainment,93211,Purchase,30,200000.0
1091,1400,22313637325,entertainment,94112,Purchase,30,3600000.0
1092,1400,22303633329,entertainment,93111,Purchase,30,1200000.0
1093,1400,22319639029,entertainment,93116,Purchase,30,150000.0
3231,1400,22303632623,entertainment,93116,Purchase,30,1000000.0
3232,1400,22303632623,entertainment,93211,Purchase,30,1600000.0
3233,1400,22303632623,entertainment,94216,Purchase,30,700000.0
3234,1400,22303633026,entertainment,94112,Purchase,30,3400000.0
3235,1400,22303633028,entertainment,93314,Purchase,30,1500000.0
3236,1400,22303633420,entertainment,93114,Purchase,30,800000.0
3237,1400,22303633420,entertainment,95122,Purchase,30,500000.0
3238,1400,22303633428,entertainment,94216,Purchase,30,1000000.0
3239,1400,22303633432,entertainment,93211,Purchase,30,500000.0
3240,1400,22313637020,entertainment,94112,Purchase,30,450000.0
3241,1400,22313637026,entertainment,93314,Purchase,30,2000000.0
3242,1400,22313637026,entertainment,95211,Purchase,30,480000.0
3243,1400,22313637026,entertainment,95212,Purchase,30,400000.0
3244,1400,22313637032,entertainment,94216,Purchase,30,900000.0
3245,1400,22319638724,entertainment,95411,Purchase,30,600000.0
3246,1400,22319638724,entertainment,95413,Purchase,30,100000.0
3247,1400,22319638724,entertainment,95415,Purchase,30,200000.0
3248,1400,22319638724,entertainment,95416,Purchase,30,500000.0
3249,1400,22319638724,entertainment,95418,Purchase,30,300000.0
3250,1400,22319638724,entertainment,95422,Purchase,30,100000.0
3251,1400,22319638724,entertainment,95425,Purchase,30,200000.0
3252,1400,22319638729,entertainment,95411,Purchase,30,450000.0
3253,1400,22319638729,entertainment,95413,Purchase,30,150000.0
3254,1400,22319638729,entertainment,95418,Purchase,30,150000.0
3255,1400,22319638729,entertainment,95422,Purchase,30,150000.0
3256,1400,22319638732,entertainment,93117,Purchase,30,350000.0
3257,1400,22319638732,entertainment,95411,Purchase,30,600000.0
3258,1400,22319638732,entertainment,95413,Purchase,30,100000.0
3259,1400,22319638732,entertainment,95415,Purchase,30,300000.0
3260,1400,22319638732,entertainment,95418,Purchase,30,200000.0
3261,1400,22319638732,entertainment,95422,Purchase,30,100000.0
3262,1400,22319638735,entertainment,95411,Purchase,30,550000.0
3263,1400,22319638735,entertainment,95415,Purchase,30,350000.0
3264,1400,22319638735,entertainment,95416,Purchase,30,750000.0
3265,1400,22319638735,entertainment,95418,Purchase,30,300000.0
3266,1400,22319638735,entertainment,95422,Purchase,30,50000.0
6575,1400,22319638820,entertainment,95411,Purchase,30,500000.0
6576,1400,22319638820,entertainment,95416,Purchase,30,300000.0
6577,1400,22319638820,entertainment,95418,Purchase,30,200000.0
6578,1400,22319638820,entertainment,95422,Purchase,30,150000.0
6579,1400,22303633523,entertainment,93114,Purchase,30,350000.0
6580,1400,22303633523,entertainment,95411,Purchase,30,350000.0
6581,1400,22303633523,entertainment,95416,Purchase,30,350000.0
6582,1400,22303633532,entertainment,94216,Purchase,30,500000.0
6583,1400,22319638832,entertainment,95411,Purchase,30,350000.0
6584,1400,22319638832,entertainment,95413,Purchase,30,150000.0
6585,1400,22319638835,entertainment,95411,Purchase,30,350000.0
6586,1400,22319638835,entertainment,95413,Purchase,30,150000.0
6587,1400,22319638835,entertainment,95417,Purchase,30,200000.0
6588,1400,22319638835,entertainment,95419,Purchase,30,150000.0
6589,1400,22319638835,entertainment,95425,Purchase,30,150000.0
6590,1400,22303633535,entertainment,95411,Purchase,30,600000.0
6591,1400,22301631426,entertainment,95411,Purchase,30,350000.0
6592,1400,22301631426,entertainment,95413,Purchase,30,250000.0
6593,1400,22301631426,entertainment,95417,Purchase,30,700000.0
6594,1400,22301631429,entertainment,95411,Purchase,30,150000.0
6595,1400,22301631429,entertainment,95416,Purchase,30,200000.0
6596,1400,22303632726,entertainment,93114,Purchase,30,500000.0
6597,1400,22303633135,entertainment,94112,Purchase,30,1500000.0
6598,1400,22312635919,entertainment,95418,Purchase,30,50000.0
6599,1400,22312635919,entertainment,95427,Purchase,30,450000.0
6600,1400,22312635925,entertainment,95411,Purchase,30,450000.0
6601,1400,22312635925,entertainment,95413,Purchase,30,300000.0
6602,1400,22312635925,entertainment,95418,Purchase,30,200000.0
6603,1400,22312635932,entertainment,95415,Purchase,30,150000.0
6604,1400,22312635932,entertainment,95425,Purchase,30,350000.0
6605,1400,22319638823,entertainment,95411,Purchase,30,300000.0
6606,1400,22319638823,entertainment,95413,Purchase,30,200000.0
6607,1400,22319638823,entertainment,95415,Purchase,30,150000.0
6608,1400,22319638823,entertainment,95418,Purchase,30,200000.0
6609,1400,22303633121,entertainment,93314,Purchase,30,250000.0
6610,1400,22303633121,entertainment,94111,Purchase,30,300000.0
6611,1400,22303633121,entertainment,94112,Purchase,30,1500000.0
6612,1400,22303633122,entertainment,94112,Purchase,30,1000000.0
6613,1400,22303633129,entertainment,94112,Purchase,30,750000.0
9145,1400,22301631520,entertainment,95411,Purchase,30,400000.0
9146,1400,22301631520,entertainment,95414,Purchase,30,600000.0
9147,1400,22301631529,entertainment,95122,Purchase,30,350000.0
9148,1400,22301631529,entertainment,95411,Purchase,30,600000.0
9149,1400,22301631529,entertainment,95413,Purchase,30,300000.0
9150,1400,22301631529,entertainment,95417,Purchase,30,500000.0
9151,1400,22301631529,entertainment,95418,Purchase,30,200000.0
9152,1400,22301631532,entertainment,95411,Purchase,30,400000.0
9153,1400,22301631532,entertainment,95415,Purchase,30,100000.0
9154,1400,22301631532,entertainment,95416,Purchase,30,800000.0
9155,1400,22301631532,entertainment,95418,Purchase,30,200000.0
9156,1400,22312636432,entertainment,95425,Purchase,30,750000.0
9157,1400,22303633622,entertainment,94112,Purchase,30,2000000.0
9158,1400,22303633626,entertainment,93314,Purchase,30,1000000.0
9159,1400,22310635629,entertainment,95411,Purchase,30,300000.0
9160,1400,22310635629,entertainment,95413,Purchase,30,200000.0
9161,1400,22303633221,entertainment,94112,Purchase,30,2500000.0
9162,1400,22303633226,entertainment,93314,Purchase,30,700000.0
9163,1400,22303633226,entertainment,94216,Purchase,30,1400000.0
9164,1400,22303633232,entertainment,93314,Purchase,30,400000.0
9165,1400,22303633629,entertainment,94112,Purchase,30,3000000.0
10891,1400,12301272729,entertainment,94115,Purchase,30,2400000.0
10892,1400,12301272729,entertainment,95122,Purchase,30,2000000.0
10893,1400,12301277919,entertainment,93314,Purchase,30,2000000.0
10894,1400,12301278332,entertainment,95212,Purchase,30,150000.0
10895,1400,12301279532,entertainment,95418,Purchase,30,200000.0
10896,1400,12301280327,entertainment,93113,Purchase,30,1000000.0
10897,1400,12301281125,entertainment,91417,Purchase,30,160000.0
10898,1400,12301281125,entertainment,93314,Purchase,30,1200000.0
10899,1400,12301281132,entertainment,94111,Purchase,30,700000.0
10900,1400,12301281132,entertainment,94112,Purchase,30,3000000.0
10901,1400,12301281930,entertainment,94216,Purchase,30,500000.0
10902,1400,12301277520,entertainment,94112,Purchase,30,2500000.0
10903,1400,12301269935,entertainment,94112,Purchase,30,2500000.0
10904,1400,12301272723,entertainment,93314,Purchase,30,5000000.0
10905,1400,12301273520,entertainment,93116,Purchase,30,500000.0
10906,1400,12301273528,entertainment,93116,Purchase,30,500000.0
10907,1400,12301273528,entertainment,95122,Purchase,30,1000000.0
10908,1400,12301274723,entertainment,93114,Purchase,30,1500000.0
10909,1400,12301274732,entertainment,94112,Purchase,30,1200000.0
10910,1400,12301275121,entertainment,93114,Purchase,30,500000.0
10911,1400,12301275530,entertainment,93114,Purchase,30,1500000.0
10912,1400,12301276335,entertainment,93116,Purchase,30,300000.0
10913,1400,12301277523,entertainment,93114,Purchase,30,1000000.0
10914,1400,12301277523,entertainment,94216,Purchase,30,350000.0
10915,1400,12301279127,entertainment,94116,Purchase,30,3000000.0
10916,1400,12301279127,entertainment,95122,Purchase,30,1200000.0
10917,1400,12301282723,entertainment,95122,Purchase,30,400000.0
10918,1400,12301282729,entertainment,94216,Purchase,30,450000.0
10919,1400,12319292735,entertainment,93116,Purchase,30,750000.0
10920,1400,12319292735,entertainment,95122,Purchase,30,350000.0
10921,1400,12319292735,entertainment,95411,Purchase,30,150000.0
10922,1400,12319292735,entertainment,95418,Purchase,30,850000.0
10923,1400,12319292735,entertainment,95422,Purchase,30,300000.0
10924,1400,12301273532,entertainment,95122,Purchase,30,1000000.0
10925,1400,12301283926,entertainment,93314,Purchase,30,600000.0
10926,1400,12301283926,entertainment,94112,Purchase,30,2000000.0
10927,1400,12301277923,entertainment,93314,Purchase,30,100000.0
10928,1400,12301277932,entertainment,93114,Purchase,30,600000.0
10929,1400,12301280732,entertainment,93314,Purchase,30,500000.0
10930,1400,12301280732,entertainment,95122,Purchase,30,1000000.0
10931,1400,12301274729,entertainment,93314,Purchase,30,500000.0
10932,1400,12301274729,entertainment,95122,Purchase,30,1400000.0
10933,1400,12301283528,entertainment,93314,Purchase,30,250000.0
10934,1400,12301283932,entertainment,93314,Purchase,30,3000000.0
10935,1400,12318287135,entertainment,94112,Purchase,30,1200000.0
13428,1400,12301273235,entertainment,95122,Purchase,30,500000.0
13429,1400,12301276426,entertainment,93114,Purchase,30,700000.0
13430,1400,12301276428,entertainment,94112,Purchase,30,4000000.0
13431,1400,12301276829,entertainment,94216,Purchase,30,350000.0
13432,1400,12301279621,entertainment,94112,Purchase,30,1200000.0
13433,1400,12301280435,entertainment,93114,Purchase,30,4000000.0
13434,1400,12301281222,entertainment,94112,Purchase,30,4000000.0
13435,1400,12301281620,entertainment,94112,Purchase,30,1800000.0
13436,1400,12301273225,entertainment,93114,Purchase,30,500000.0
13437,1400,12301273225,entertainment,95122,Purchase,30,500000.0
13438,1400,12301265628,entertainment,93113,Purchase,30,1000000.0
13439,1400,12301265628,entertainment,93114,Purchase,30,1000000.0
13440,1400,12301265628,entertainment,93116,Purchase,30,1000000.0
13441,1400,12301265628,entertainment,93117,Purchase,30,1000000.0
13442,1400,12301265628,entertainment,95411,Purchase,30,200000.0
13443,1400,12301265628,entertainment,95414,Purchase,30,400000.0
13444,1400,12301273623,entertainment,95122,Purchase,30,700000.0
13445,1400,12301273623,entertainment,95211,Purchase,30,25000.0
13446,1400,12301265628,entertainment,95415,Purchase,30,200000.0
13447,1400,12301265628,entertainment,95416,Purchase,30,1000000.0
13448,1400,12301265628,entertainment,95418,Purchase,30,200000.0
13449,1400,12301266020,entertainment,94112,Purchase,30,3000000.0
13450,1400,12301273229,entertainment,95122,Purchase,30,1000000.0
13451,1400,12301275235,entertainment,95211,Purchase,30,120000.0
13452,1400,12301275632,entertainment,95211,Purchase,30,300000.0
13453,1400,12301276021,entertainment,94112,Purchase,30,2000000.0
13454,1400,12301276021,entertainment,95411,Purchase,30,1900000.0
13455,1400,12301276021,entertainment,95413,Purchase,30,800000.0
13456,1400,12301276021,entertainment,95414,Purchase,30,700000.0
13457,1400,12301276021,entertainment,95415,Purchase,30,600000.0
13458,1400,12301276021,entertainment,95416,Purchase,30,1200000.0
13459,1400,12301276021,entertainment,95417,Purchase,30,500000.0
13460,1400,12301276021,entertainment,95418,Purchase,30,2000000.0
13461,1400,12301276021,entertainment,95419,Purchase,30,500000.0
13462,1400,12301276021,entertainment,95422,Purchase,30,300000.0
13463,1400,12301265632,entertainment,95122,Purchase,30,1000000.0
13464,1400,12301265632,entertainment,95211,Purchase,30,500000.0
13465,1400,12301271622,entertainment,95122,Purchase,30,3000000.0
13466,1400,12301275228,entertainment,95122,Purchase,30,250000.0
13467,1400,12301275620,entertainment,93314,Purchase,30,300000.0
13468,1400,12301276024,entertainment,94112,Purchase,30,5000000.0
13469,1400,12301284035,entertainment,93114,Purchase,30,1100000.0
13470,1400,12316288435,entertainment,94112,Purchase,30,700000.0
13471,1400,12317292032,entertainment,94112,Purchase,30,1500000.0
13472,1400,12301276419,entertainment,91417,Purchase,30,380000.0
13473,1400,12301276419,entertainment,95122,Purchase,30,850000.0
13474,1400,12301277625,entertainment,95122,Purchase,30,1700000.0
13475,1400,12301277632,entertainment,94112,Purchase,30,2400000.0
13476,1400,12301278426,entertainment,95122,Purchase,30,1000000.0
13477,1400,12301278426,entertainment,95411,Purchase,30,800000.0
13478,1400,12301278426,entertainment,95418,Purchase,30,450000.0
13479,1400,12301276423,entertainment,95122,Purchase,30,4000000.0
13480,1400,12301276423,entertainment,95411,Purchase,30,1450000.0
13481,1400,12301276423,entertainment,95413,Purchase,30,650000.0
13482,1400,12301276423,entertainment,95414,Purchase,30,350000.0
13483,1400,12301276423,entertainment,95415,Purchase,30,700000.0
13484,1400,12301276423,entertainment,95416,Purchase,30,1350000.0
13485,1400,12301276423,entertainment,95417,Purchase,30,400000.0
13486,1400,12301276423,entertainment,95418,Purchase,30,1100000.0
13487,1400,12301276432,entertainment,95211,Purchase,30,30000.0
13488,1400,12301276827,entertainment,95411,Purchase,30,50000.0
13489,1400,12301276827,entertainment,95416,Purchase,30,100000.0
13490,1400,12301277235,entertainment,95411,Purchase,30,1000000.0
13491,1400,12301278421,entertainment,95211,Purchase,30,70000.0
13492,1400,12301279624,entertainment,95122,Purchase,30,1500000.0
13493,1400,12301279629,entertainment,93211,Purchase,30,150000.0
13494,1400,12301279629,entertainment,94216,Purchase,30,400000.0
13495,1400,12301280020,entertainment,94216,Purchase,30,1100000.0
13496,1400,12301280835,entertainment,93116,Purchase,30,200000.0
13497,1400,12301281632,entertainment,93314,Purchase,30,1800000.0
13498,1400,12301282023,entertainment,93114,Purchase,30,2000000.0
13499,1400,12301282023,entertainment,93314,Purchase,30,10000000.0
13500,1400,12301282023,entertainment,94112,Purchase,30,5000000.0
13501,1400,12301282023,entertainment,95122,Purchase,30,700000.0
13502,1400,12301282023,entertainment,95425,Purchase,30,6500000.0
13503,1400,12301282035,entertainment,94216,Purchase,30,500000.0
13504,1400,12301283629,entertainment,93211,Purchase,30,600000.0
13505,1400,12301283629,entertainment,93314,Purchase,30,2000000.0
16905,1400,12301279729,entertainment,94111,Purchase,30,1760000.0
16906,1400,12301279729,entertainment,94112,Purchase,30,3000000.0
16907,1400,12301273320,entertainment,95411,Purchase,30,500000.0
16908,1400,12301273320,entertainment,95413,Purchase,30,100000.0
16909,1400,12301273320,entertainment,95415,Purchase,30,100000.0
16910,1400,12301273320,entertainment,95416,Purchase,30,300000.0
16911,1400,12301273320,entertainment,95417,Purchase,30,200000.0
16912,1400,12301273320,entertainment,95418,Purchase,30,300000.0
16913,1400,12301273320,entertainment,95419,Purchase,30,200000.0
16914,1400,12301272126,entertainment,95122,Purchase,30,1000000.0
16915,1400,12301272126,entertainment,95411,Purchase,30,450000.0
16916,1400,12301272126,entertainment,95413,Purchase,30,350000.0
16917,1400,12301272126,entertainment,95416,Purchase,30,250000.0
16918,1400,12301272126,entertainment,95418,Purchase,30,450000.0
16919,1400,12301272135,entertainment,94112,Purchase,30,3400000.0
16920,1400,12301272135,entertainment,95122,Purchase,30,1000000.0
16921,1400,12301267727,entertainment,95211,Purchase,30,600000.0
16922,1400,12301272122,entertainment,94112,Purchase,30,7500000.0
16923,1400,12301272122,entertainment,94216,Purchase,30,720000.0
16924,1400,12301272122,entertainment,95411,Purchase,30,350000.0
16925,1400,12301272122,entertainment,95415,Purchase,30,250000.0
16926,1400,12301272122,entertainment,95418,Purchase,30,400000.0
16927,1400,12301279326,entertainment,94112,Purchase,30,400000.0
16928,1400,12301275722,entertainment,95411,Purchase,30,700000.0
16929,1400,12301275722,entertainment,95412,Purchase,30,200000.0
16930,1400,12301275722,entertainment,95416,Purchase,30,350000.0
16931,1400,12301275722,entertainment,95418,Purchase,30,250000.0
16932,1400,12301276126,entertainment,93114,Purchase,30,1500000.0
16933,1400,12301277319,entertainment,93314,Purchase,30,10000000.0
16934,1400,12301277319,entertainment,94112,Purchase,30,2500000.0
16935,1400,12301277327,entertainment,95211,Purchase,30,250000.0
16936,1400,12301278128,entertainment,93314,Purchase,30,7000000.0
16937,1400,12301281732,entertainment,94112,Purchase,30,400000.0
16938,1400,12301281732,entertainment,95411,Purchase,30,1200000.0
16939,1400,12301281732,entertainment,95413,Purchase,30,700000.0
16940,1400,12301281732,entertainment,95414,Purchase,30,300000.0
16941,1400,12301281732,entertainment,95415,Purchase,30,500000.0
16942,1400,12301281732,entertainment,95416,Purchase,30,600000.0
16943,1400,12301278120,entertainment,95411,Purchase,30,350000.0
16944,1400,12301278120,entertainment,95415,Purchase,30,250000.0
16945,1400,12301278120,entertainment,95418,Purchase,30,400000.0
16946,1400,12314291319,entertainment,93114,Purchase,30,3000000.0
16947,1400,12301272120,entertainment,93314,Purchase,30,1500000.0
16948,1400,12301272921,entertainment,93314,Purchase,30,3000000.0
16949,1400,12301272921,entertainment,95122,Purchase,30,1800000.0
16950,1400,12301272932,entertainment,93116,Purchase,30,1500000.0
16951,1400,12301275329,entertainment,91417,Purchase,30,400000.0
16952,1400,12301277720,entertainment,93314,Purchase,30,5000000.0
16953,1400,12301278525,entertainment,94112,Purchase,30,3000000.0
16954,1400,12319292920,entertainment,95413,Purchase,30,200000.0
16955,1400,12319292926,entertainment,95411,Purchase,30,300000.0
16956,1400,12319292926,entertainment,95413,Purchase,30,200000.0
16957,1400,12319292926,entertainment,95417,Purchase,30,350000.0
16958,1400,12301277726,entertainment,94112,Purchase,30,2700000.0
16959,1400,12319292932,entertainment,95415,Purchase,30,100000.0
16960,1400,12301273320,entertainment,95422,Purchase,30,200000.0
16961,1400,12301273320,entertainment,95425,Purchase,30,200000.0
16962,1400,12301273328,entertainment,95411,Purchase,30,300000.0
16963,1400,12301273328,entertainment,95415,Purchase,30,50000.0
16964,1400,12301273328,entertainment,95416,Purchase,30,250000.0
16965,1400,12301273328,entertainment,95418,Purchase,30,100000.0
16966,1400,12301273332,entertainment,95122,Purchase,30,830000.0
16967,1400,12301273332,entertainment,95411,Purchase,30,250000.0
16968,1400,12301273332,entertainment,95415,Purchase,30,100000.0
16969,1400,12301273332,entertainment,95418,Purchase,30,100000.0
16970,1400,12301273332,entertainment,95419,Purchase,30,150000.0
16971,1400,12301273726,entertainment,95122,Purchase,30,1000000.0
16972,1400,12301273726,entertainment,95411,Purchase,30,2000000.0
16973,1400,12301273726,entertainment,95413,Purchase,30,1200000.0
16974,1400,12301273726,entertainment,95415,Purchase,30,200000.0
16975,1400,12301273726,entertainment,95416,Purchase,30,600000.0
16976,1400,12301273726,entertainment,95418,Purchase,30,1000000.0
16977,1400,12301273726,entertainment,95419,Purchase,30,500000.0
16978,1400,12301273726,entertainment,95425,Purchase,30,1000000.0
16979,1400,12301273735,entertainment,95122,Purchase,30,5000000.0
16980,1400,12301273735,entertainment,95411,Purchase,30,500000.0
16981,1400,12301273735,entertainment,95413,Purchase,30,200000.0
16982,1400,12301273735,entertainment,95415,Purchase,30,100000.0
16983,1400,12301273735,entertainment,95418,Purchase,30,200000.0
16984,1400,12301274926,entertainment,94112,Purchase,30,1000000.0
16985,1400,12301274926,entertainment,95122,Purchase,30,450000.0
16986,1400,12301274926,entertainment,95211,Purchase,30,500000.0
16987,1400,12301276530,entertainment,95122,Purchase,30,450000.0
16988,1400,12301276532,entertainment,93114,Purchase,30,1000000.0
16989,1400,12301276532,entertainment,95413,Purchase,30,150000.0
16990,1400,12301276532,entertainment,95415,Purchase,30,90000.0
16991,1400,12301273720,entertainment,95122,Purchase,30,3000000.0
16992,1400,12301277729,entertainment,94111,Purchase,30,1200000.0
16993,1400,12301277729,entertainment,95411,Purchase,30,400000.0
16994,1400,12301277729,entertainment,95415,Purchase,30,200000.0
16995,1400,12301277729,entertainment,95416,Purchase,30,200000.0
16996,1400,12301277729,entertainment,95418,Purchase,30,200000.0
16997,1400,12301278924,entertainment,94216,Purchase,30,500000.0
16998,1400,12301278932,entertainment,95411,Purchase,30,70000.0
16999,1400,12301278932,entertainment,95413,Purchase,30,180000.0
17000,1400,12301279720,entertainment,93116,Purchase,30,1000000.0
17001,1400,12301281732,entertainment,95418,Purchase,30,200000.0
17002,1400,12301282130,entertainment,93314,Purchase,30,600000.0
17003,1400,12301283726,entertainment,93314,Purchase,30,400000.0
17004,1400,12301283726,entertainment,95122,Purchase,30,500000.0
17005,1400,12301283732,entertainment,93314,Purchase,30,2000000.0
17006,1400,12301283732,entertainment,94112,Purchase,30,3000000.0
17007,1400,12301283732,entertainment,94211,Purchase,30,260000.0
17008,1400,12302285321,entertainment,94112,Purchase,30,4000000.0
17009,1400,12302285335,entertainment,93114,Purchase,30,500000.0
17010,1400,12321293732,entertainment,94112,Purchase,30,4000000.0
17011,1400,12301277732,entertainment,93114,Purchase,30,2000000.0
17012,1400,12301277735,entertainment,93114,Purchase,30,6000000.0
17013,1400,12301277735,entertainment,94112,Purchase,30,2500000.0
17014,1400,12301271724,entertainment,95122,Purchase,30,500000.0
17015,1400,12301271724,entertainment,95411,Purchase,30,1500000.0
17016,1400,12301271724,entertainment,95413,Purchase,30,500000.0
17017,1400,12301271724,entertainment,95414,Purchase,30,500000.0
17018,1400,12301271724,entertainment,95415,Purchase,30,200000.0
17019,1400,12301271724,entertainment,95416,Purchase,30,500000.0
17020,1400,12301271724,entertainment,95418,Purchase,30,200000.0
17021,1400,12301271724,entertainment,95419,Purchase,30,200000.0
17022,1400,12301271726,entertainment,95212,Purchase,30,1000000.0
17023,1400,12301278926,entertainment,94111,Purchase,30,1200000.0
17024,1400,12301280135,entertainment,94111,Purchase,30,3000000.0
17025,1400,12301280526,entertainment,93314,Purchase,30,1300000.0
17026,1400,12301283332,entertainment,95411,Purchase,30,300000.0
17027,1400,12301282123,entertainment,93114,Purchase,30,4500000.0
17028,1400,12301271729,entertainment,93312,Purchase,30,1500000.0
17029,1400,12301271729,entertainment,93314,Purchase,30,1500000.0
17030,1400,12301271729,entertainment,95411,Purchase,30,2000000.0
17031,1400,12301271729,entertainment,95413,Purchase,30,1000000.0
17032,1400,12301271729,entertainment,95417,Purchase,30,1000000.0
17033,1400,12301271729,entertainment,95418,Purchase,30,1000000.0
17034,1400,12301282935,entertainment,93114,Purchase,30,500000.0
17035,1400,12301282935,entertainment,94112,Purchase,30,2000000.0
17036,1400,12301282935,entertainment,95122,Purchase,30,300000.0
17037,1400,12301272132,entertainment,93114,Purchase,30,2000000.0
17038,1400,12301282132,entertainment,93314,Purchase,30,3600000.0
17039,1400,12301271720,entertainment,95122,Purchase,30,750000.0
17040,1400,12301271720,entertainment,95211,Purchase,30,100000.0
19766,1400,12301272619,entertainment,93114,Purchase,30,3000000.0
19767,1400,12301275432,entertainment,94112,Purchase,30,5000000.0
19768,1400,12301275835,entertainment,93314,Purchase,30,5000000.0
19769,1400,12301276227,entertainment,95122,Purchase,30,800000.0
19770,1400,12301279432,entertainment,94112,Purchase,30,1500000.0
19771,1400,12301281426,entertainment,94112,Purchase,30,1600000.0
19772,1400,12301283429,entertainment,94111,Purchase,30,1000000.0
19773,1400,12301283432,entertainment,93114,Purchase,30,750000.0
19774,1400,12301283435,entertainment,93314,Purchase,30,2000000.0
19775,1400,12301283435,entertainment,95122,Purchase,30,2000000.0
19776,1400,12319292232,entertainment,94112,Purchase,30,1000000.0
19777,1400,12301275026,entertainment,95122,Purchase,30,3000000.0
19778,1400,12301275026,entertainment,95413,Purchase,30,200000.0
19779,1400,12301275026,entertainment,95414,Purchase,30,300000.0
19780,1400,12301276232,entertainment,93111,Purchase,30,1500000.0
19781,1400,12301276232,entertainment,95411,Purchase,30,350000.0
19782,1400,12301276232,entertainment,95413,Purchase,30,150000.0
19783,1400,12301276232,entertainment,95414,Purchase,30,350000.0
19784,1400,12301276232,entertainment,95418,Purchase,30,150000.0
19785,1400,12301274223,entertainment,93314,Purchase,30,800000.0
19786,1400,12301275020,entertainment,94216,Purchase,30,300000.0
19787,1400,12301275020,entertainment,95415,Purchase,30,800000.0
19788,1400,12301275423,entertainment,93314,Purchase,30,700000.0
19789,1400,12301275423,entertainment,94111,Purchase,30,1000000.0
19790,1400,12301277832,entertainment,95415,Purchase,30,120000.0
19791,1400,12301279019,entertainment,94112,Purchase,30,2000000.0
19792,1400,12301279019,entertainment,94216,Purchase,30,450000.0
19793,1400,12301279019,entertainment,95415,Purchase,30,120000.0
19794,1400,12301279019,entertainment,95418,Purchase,30,50000.0
19795,1400,12301279023,entertainment,95413,Purchase,30,340000.0
19796,1400,12301280219,entertainment,94112,Purchase,30,3000000.0
19797,1400,12301280219,entertainment,95122,Purchase,30,2400000.0
19798,1400,12301280222,entertainment,93114,Purchase,30,1000000.0
19799,1400,12301280626,entertainment,94112,Purchase,30,1850000.0
19800,1400,12301282625,entertainment,93314,Purchase,30,500000.0
19801,1400,12301282629,entertainment,94112,Purchase,30,4000000.0
19802,1400,12302285425,entertainment,94112,Purchase,30,4000000.0
19803,1400,12303286222,entertainment,93114,Purchase,30,780000.0
19804,1400,12301273029,entertainment,93114,Purchase,30,500000.0
19805,1400,12301273029,entertainment,95122,Purchase,30,300000.0
19806,1400,12301282620,entertainment,93114,Purchase,30,1200000.0
19807,1400,12301273830,entertainment,95212,Purchase,30,120000.0
19808,1400,12301273830,entertainment,95413,Purchase,30,25000.0
19809,1400,12301273830,entertainment,95415,Purchase,30,30000.0
19810,1400,12301273830,entertainment,95418,Purchase,30,40000.0
19811,1400,12301273832,entertainment,95411,Purchase,30,1000000.0
19812,1400,12301273832,entertainment,95414,Purchase,30,200000.0
19813,1400,12301273832,entertainment,95416,Purchase,30,600000.0
19814,1400,12301273832,entertainment,95418,Purchase,30,500000.0
19815,1400,12301273832,entertainment,95419,Purchase,30,200000.0
19816,1400,12301273832,entertainment,95425,Purchase,30,500000.0
19817,1400,12301273835,entertainment,95122,Purchase,30,800000.0
19818,1400,12301273835,entertainment,95411,Purchase,30,1000000.0
19819,1400,12301273835,entertainment,95413,Purchase,30,200000.0
19820,1400,12301273835,entertainment,95415,Purchase,30,200000.0
19821,1400,12301273835,entertainment,95418,Purchase,30,200000.0
19822,1400,12301276622,entertainment,95411,Purchase,30,480000.0
19823,1400,12301277425,entertainment,93314,Purchase,30,2500000.0
19824,1400,12301277435,entertainment,93116,Purchase,30,1500000.0
19825,1400,12301277435,entertainment,94216,Purchase,30,2500000.0
19826,1400,12301277435,entertainment,95122,Purchase,30,800000.0
19827,1400,12301277435,entertainment,95411,Purchase,30,280000.0
19828,1400,12301277435,entertainment,95414,Purchase,30,120000.0
19829,1400,12301277435,entertainment,95416,Purchase,30,250000.0
19830,1400,12301277435,entertainment,95418,Purchase,30,350000.0
19831,1400,12301279426,entertainment,93114,Purchase,30,3000000.0
19832,1400,12301279426,entertainment,93314,Purchase,30,2000000.0
19833,1400,12301283023,entertainment,93211,Purchase,30,100000.0
19834,1400,12301283032,entertainment,93211,Purchase,30,2000000.0
19835,1400,12301283032,entertainment,94112,Purchase,30,3500000.0
19836,1400,12301273421,entertainment,94112,Purchase,30,3000000.0
19837,1400,12301273421,entertainment,94115,Purchase,30,8000000.0
19838,1400,12301273421,entertainment,94213,Purchase,30,1500000.0
19839,1400,12301273421,entertainment,95122,Purchase,30,1500000.0
19840,1400,12301273421,entertainment,95411,Purchase,30,200000.0
19841,1400,12301273421,entertainment,95413,Purchase,30,100000.0
19842,1400,12301273423,entertainment,95122,Purchase,30,1200000.0
19843,1400,12301274620,entertainment,93314,Purchase,30,350000.0
19844,1400,12301274629,entertainment,95211,Purchase,30,200000.0
19845,1400,12301275820,entertainment,93314,Purchase,30,1500000.0
19846,1400,12301275820,entertainment,94216,Purchase,30,5000000.0
19847,1400,12301275820,entertainment,95122,Purchase,30,150000.0
19848,1400,12301275826,entertainment,93314,Purchase,30,1500000.0
19849,1400,12301277029,entertainment,94112,Purchase,30,2500000.0
19850,1400,12301277029,entertainment,94115,Purchase,30,3000000.0
19851,1400,12301277035,entertainment,95122,Purchase,30,2000000.0
19852,1400,12301278232,entertainment,93314,Purchase,30,300000.0
19853,1400,12301278235,entertainment,93114,Purchase,30,2000000.0
19854,1400,12301278235,entertainment,93211,Purchase,30,700000.0
19855,1400,12301278235,entertainment,94115,Purchase,30,3000000.0
19856,1400,12301283021,entertainment,93114,Purchase,30,5000000.0
19857,1400,12301283021,entertainment,93116,Purchase,30,1680000.0
19858,1400,12301267826,entertainment,95122,Purchase,30,4000000.0
19859,1400,12301272232,entertainment,94112,Purchase,30,3500000.0
19860,1400,12301274229,entertainment,93314,Purchase,30,600000.0
19861,1400,12301275832,entertainment,93314,Purchase,30,10000000.0
19862,1400,12301275832,entertainment,94115,Purchase,30,4000000.0
19863,1400,12301275832,entertainment,95122,Purchase,30,2500000.0
19864,1400,12301277027,entertainment,93314,Purchase,30,2000000.0
19865,1400,12301277829,entertainment,95122,Purchase,30,10000000.0
19866,1400,12301279832,entertainment,93114,Purchase,30,2000000.0
19867,1400,12301279835,entertainment,93311,Purchase,30,2800000.0
19868,1400,12301279835,entertainment,94112,Purchase,30,6000000.0
19869,1400,12301280621,entertainment,94216,Purchase,30,2000000.0
19870,1400,12301281032,entertainment,95411,Purchase,30,100000.0
19871,1400,12301281032,entertainment,95413,Purchase,30,100000.0
19872,1400,12301281035,entertainment,94112,Purchase,30,3000000.0
19873,1400,12301282220,entertainment,94112,Purchase,30,2000000.0
19874,1400,12301282226,entertainment,94112,Purchase,30,6000000.0
19875,1400,12301282235,entertainment,94112,Purchase,30,3000000.0
19876,1400,12301283424,entertainment,95122,Purchase,30,450000.0
19877,1400,12301283832,entertainment,93114,Purchase,30,8000000.0
19878,1400,12301283832,entertainment,93116,Purchase,30,2000000.0
19879,1400,12301283832,entertainment,95122,Purchase,30,2000000.0
19880,1400,12301283832,entertainment,95411,Purchase,30,250000.0
19881,1400,12301283832,entertainment,95413,Purchase,30,250000.0
19882,1400,12301283832,entertainment,95418,Purchase,30,500000.0
19883,1400,12301283835,entertainment,93114,Purchase,30,2500000.0
19884,1400,12301283835,entertainment,93211,Purchase,30,500000.0
