,Year,ID,Table_Name,Commodity_Code,Provision_Method,Duration,Expenditure
1226,1401,22301631638,entertainment,93116,Purchase,30,2000000.0
1227,1401,22303632525,entertainment,94112,Purchase,30,1500000.0
1228,1401,22303632538,entertainment,93211,Purchase,30,500000.0
1229,1401,22303632925,entertainment,95122,Purchase,30,500000.0
1230,1401,22303632925,entertainment,95415,Purchase,30,180000.0
1231,1401,22303632925,entertainment,95416,Purchase,30,180000.0
1232,1401,22303632931,entertainment,93211,Purchase,30,50000.0
1233,1401,22303632931,entertainment,95416,Purchase,30,50000.0
1234,1401,22303632938,entertainment,93116,Purchase,30,1300000.0
1235,1401,22303632938,entertainment,93314,Purchase,30,700000.0
1236,1401,22303632941,entertainment,94112,Purchase,30,400000.0
1237,1401,22303632941,entertainment,94211,Purchase,30,350000.0
1238,1401,22303633325,entertainment,93211,Purchase,30,50000.0
1239,1401,22303633335,entertainment,93311,Purchase,30,1000000.0
1240,1401,22303633338,entertainment,94112,Purchase,30,4000000.0
1241,1401,22303633341,entertainment,94216,Purchase,30,560000.0
1242,1401,22310635738,entertainment,93114,Purchase,30,2500000.0
1243,1401,22314637832,entertainment,95413,Purchase,30,100000.0
1244,1401,22314637835,entertainment,93114,Purchase,30,2000000.0
4104,1401,22303632626,entertainment,93114,Purchase,30,250000.0
4105,1401,22303632626,entertainment,94111,Purchase,30,1000000.0
4106,1401,22303633426,entertainment,94112,Purchase,30,2000000.0
4107,1401,22303633430,entertainment,94111,Purchase,30,1800000.0
4108,1401,22303633432,entertainment,93314,Purchase,30,300000.0
4109,1401,22303633432,entertainment,94111,Purchase,30,1200000.0
4110,1401,22303633441,entertainment,94216,Purchase,30,250000.0
4111,1401,22309635032,entertainment,94112,Purchase,30,2400000.0
4112,1401,22310635441,entertainment,93114,Purchase,30,3500000.0
4113,1401,22310635441,entertainment,95425,Purchase,30,600000.0
4114,1401,22319638726,entertainment,95416,Purchase,30,200000.0
4115,1401,22319639138,entertainment,94112,Purchase,30,2700000.0
4116,1401,22319639141,entertainment,94112,Purchase,30,5000000.0
6838,1401,22301631535,entertainment,94112,Purchase,30,2000000.0
6839,1401,22301631535,entertainment,95212,Purchase,30,600000.0
6840,1401,22303633226,entertainment,93314,Purchase,30,3000000.0
6841,1401,22303633235,entertainment,94112,Purchase,30,7000000.0
6842,1401,22303633629,entertainment,94112,Purchase,30,1200000.0
6843,1401,22303633634,entertainment,95411,Purchase,30,400000.0
6844,1401,22303633634,entertainment,95413,Purchase,30,650000.0
6845,1401,22303633634,entertainment,95417,Purchase,30,300000.0
6846,1401,22303633634,entertainment,95419,Purchase,30,400000.0
6847,1401,22314637732,entertainment,94112,Purchase,30,3600000.0
6848,1401,22314637741,entertainment,95411,Purchase,30,750000.0
6849,1401,22314637741,entertainment,95415,Purchase,30,500000.0
6850,1401,22314637741,entertainment,95418,Purchase,30,350000.0
6851,1401,22314637741,entertainment,95425,Purchase,30,400000.0
10147,1401,22301631426,entertainment,94112,Purchase,30,3500000.0
10148,1401,22303632726,entertainment,94216,Purchase,30,700000.0
10149,1401,22303632738,entertainment,94112,Purchase,30,4000000.0
10150,1401,22303632741,entertainment,94216,Purchase,30,1000000.0
10151,1401,22303632741,entertainment,95411,Purchase,30,780000.0
10152,1401,22303632741,entertainment,95415,Purchase,30,380000.0
10153,1401,22303632741,entertainment,95416,Purchase,30,550000.0
10154,1401,22303632741,entertainment,95418,Purchase,30,290000.0
10155,1401,22303633138,entertainment,93314,Purchase,30,3000000.0
10156,1401,22303633138,entertainment,94112,Purchase,30,5000000.0
10157,1401,22303633530,entertainment,94112,Purchase,30,2000000.0
10158,1401,22303633535,entertainment,95411,Purchase,30,2100000.0
10159,1401,22303633535,entertainment,95413,Purchase,30,240000.0
10160,1401,22309635141,entertainment,94112,Purchase,30,2500000.0
10161,1401,22312635925,entertainment,95413,Purchase,30,300000.0
10162,1401,22312635925,entertainment,95418,Purchase,30,350000.0
10163,1401,22312635925,entertainment,95425,Purchase,30,500000.0
13099,1401,12301265433,entertainment,95416,Purchase,30,600000.0
13100,1401,12301265433,entertainment,95417,Purchase,30,750000.0
13101,1401,12301265433,entertainment,95418,Purchase,30,3000000.0
13102,1401,12301265433,entertainment,95425,Purchase,30,500000.0
13103,1401,12301265436,entertainment,95122,Purchase,30,1440000.0
13104,1401,12301267441,entertainment,94211,Purchase,30,800000.0
13105,1401,12301267826,entertainment,94112,Purchase,30,4500000.0
13106,1401,12301270628,entertainment,94112,Purchase,30,4500000.0
13107,1401,12301272627,entertainment,93314,Purchase,30,2500000.0
13108,1401,12301272635,entertainment,94112,Purchase,30,5500000.0
13109,1401,12301273027,entertainment,93114,Purchase,30,1000000.0
13110,1401,12301273027,entertainment,95211,Purchase,30,200000.0
13111,1401,12301273028,entertainment,93116,Purchase,30,2000000.0
13112,1401,12301273028,entertainment,95122,Purchase,30,500000.0
13113,1401,12301273028,entertainment,95416,Purchase,30,650000.0
13114,1401,12301273028,entertainment,95425,Purchase,30,500000.0
13115,1401,12301273426,entertainment,93114,Purchase,30,5000000.0
13116,1401,12301273426,entertainment,93311,Purchase,30,3000000.0
13117,1401,12301273426,entertainment,93314,Purchase,30,3000000.0
13118,1401,12301273426,entertainment,94211,Purchase,30,700000.0
13119,1401,12301273426,entertainment,94213,Purchase,30,5000000.0
13120,1401,12301273428,entertainment,93114,Purchase,30,1000000.0
13121,1401,12301273428,entertainment,93116,Purchase,30,2000000.0
13122,1401,12301273428,entertainment,94113,Purchase,30,1500000.0
13123,1401,12301273428,entertainment,94211,Purchase,30,1050000.0
13124,1401,12301273428,entertainment,95122,Purchase,30,2000000.0
13125,1401,12301273435,entertainment,95122,Purchase,30,2000000.0
13126,1401,12301273435,entertainment,95211,Purchase,30,1000000.0
13127,1401,12301273435,entertainment,95212,Purchase,30,1000000.0
13128,1401,12301273438,entertainment,94112,Purchase,30,12000000.0
13129,1401,12301273438,entertainment,94211,Purchase,30,700000.0
13130,1401,12301273438,entertainment,95122,Purchase,30,2000000.0
13131,1401,12301273830,entertainment,93314,Purchase,30,500000.0
13132,1401,12301273830,entertainment,95122,Purchase,30,500000.0
13133,1401,12301273833,entertainment,94211,Purchase,30,1000000.0
13134,1401,12301273841,entertainment,93314,Purchase,30,500000.0
13135,1401,12301274238,entertainment,94112,Purchase,30,4000000.0
13136,1401,12301274635,entertainment,93114,Purchase,30,10000000.0
13137,1401,12301274635,entertainment,94112,Purchase,30,5000000.0
13138,1401,12301274635,entertainment,95122,Purchase,30,2000000.0
13139,1401,12301275027,entertainment,93314,Purchase,30,400000.0
13140,1401,12301275027,entertainment,95122,Purchase,30,8000000.0
13141,1401,12301275027,entertainment,95413,Purchase,30,300000.0
13142,1401,12301275038,entertainment,95122,Purchase,30,2000000.0
13143,1401,12301275825,entertainment,93314,Purchase,30,2000000.0
13144,1401,12301275834,entertainment,94111,Purchase,30,5600000.0
13145,1401,12301277025,entertainment,94112,Purchase,30,20000000.0
13146,1401,12301277025,entertainment,94115,Purchase,30,4000000.0
13147,1401,12301277035,entertainment,93211,Purchase,30,1600000.0
13148,1401,12301277035,entertainment,95122,Purchase,30,4000000.0
13149,1401,12301277425,entertainment,93113,Purchase,30,1300000.0
13150,1401,12301277425,entertainment,95122,Purchase,30,1500000.0
13151,1401,12301277835,entertainment,94112,Purchase,30,4000000.0
13152,1401,12301277835,entertainment,95122,Purchase,30,3500000.0
13153,1401,12301278228,entertainment,95411,Purchase,30,1500000.0
13154,1401,12301278228,entertainment,95413,Purchase,30,500000.0
13155,1401,12301278228,entertainment,95418,Purchase,30,500000.0
13156,1401,12301278235,entertainment,94112,Purchase,30,5000000.0
13157,1401,12301279828,entertainment,94112,Purchase,30,5000000.0
13158,1401,12301280627,entertainment,94112,Purchase,30,4000000.0
13159,1401,12301280632,entertainment,94112,Purchase,30,3000000.0
13160,1401,12301280635,entertainment,94112,Purchase,30,2400000.0
13161,1401,12301281827,entertainment,94112,Purchase,30,3000000.0
13162,1401,12301281827,entertainment,94216,Purchase,30,500000.0
13163,1401,12301281827,entertainment,95122,Purchase,30,2300000.0
13164,1401,12301282230,entertainment,95122,Purchase,30,1500000.0
13165,1401,12301282234,entertainment,93114,Purchase,30,3000000.0
13166,1401,12301282241,entertainment,93314,Purchase,30,5000000.0
13167,1401,12301282638,entertainment,94111,Purchase,30,200000.0
13168,1401,12301282641,entertainment,93314,Purchase,30,8000000.0
13169,1401,12301282641,entertainment,94111,Purchase,30,500000.0
13170,1401,12301282641,entertainment,94112,Purchase,30,3500000.0
13171,1401,12301282641,entertainment,94211,Purchase,30,500000.0
13172,1401,12301282641,entertainment,94216,Purchase,30,4000000.0
13173,1401,12301282641,entertainment,95122,Purchase,30,1570000.0
13174,1401,12301283830,entertainment,93314,Purchase,30,2000000.0
13175,1401,12301283832,entertainment,93114,Purchase,30,30000000.0
13176,1401,12301283832,entertainment,93314,Purchase,30,500000.0
13177,1401,12301283832,entertainment,95122,Purchase,30,8000000.0
13178,1401,12301283832,entertainment,95411,Purchase,30,1200000.0
13179,1401,12301283832,entertainment,95413,Purchase,30,800000.0
13180,1401,12301283832,entertainment,95417,Purchase,30,1000000.0
13181,1401,12301283832,entertainment,95418,Purchase,30,700000.0
13182,1401,12301283834,entertainment,93114,Purchase,30,4000000.0
13183,1401,12301283838,entertainment,93113,Purchase,30,1500000.0
13184,1401,12301283841,entertainment,93114,Purchase,30,3000000.0
13185,1401,12301283841,entertainment,93314,Purchase,30,2000000.0
13186,1401,12302285425,entertainment,94111,Purchase,30,9000000.0
13187,1401,12302285425,entertainment,94112,Purchase,30,6000000.0
13188,1401,12302285438,entertainment,95411,Purchase,30,500000.0
13189,1401,12302285438,entertainment,95415,Purchase,30,300000.0
13190,1401,12302285438,entertainment,95418,Purchase,30,200000.0
13191,1401,12303286227,entertainment,95418,Purchase,30,500000.0
13192,1401,12303286227,entertainment,95425,Purchase,30,1000000.0
13193,1401,12303286235,entertainment,95417,Purchase,30,750000.0
13194,1401,12303286235,entertainment,95418,Purchase,30,850000.0
13195,1401,12303286235,entertainment,95425,Purchase,30,400000.0
13196,1401,12303286238,entertainment,95411,Purchase,30,750000.0
13197,1401,12303286238,entertainment,95416,Purchase,30,400000.0
13198,1401,12303286238,entertainment,95418,Purchase,30,500000.0
13199,1401,12309287441,entertainment,94112,Purchase,30,2000000.0
15339,1401,12301267127,entertainment,94112,Purchase,30,4000000.0
15340,1401,12301267135,entertainment,93511,Purchase,30,2000000.0
15341,1401,12301267135,entertainment,94112,Purchase,30,16000000.0
15342,1401,12301267938,entertainment,95122,Purchase,30,2000000.0
15343,1401,12301268332,entertainment,93311,Purchase,30,700000.0
15344,1401,12301268332,entertainment,93312,Purchase,30,500000.0
15345,1401,12301270338,entertainment,94112,Purchase,30,10000000.0
15346,1401,12301270738,entertainment,94111,Purchase,30,300000.0
15347,1401,12301271526,entertainment,94112,Purchase,30,3000000.0
15348,1401,12301272727,entertainment,95122,Purchase,30,8000000.0
15349,1401,12301272738,entertainment,93116,Purchase,30,2000000.0
15350,1401,12301272738,entertainment,93314,Purchase,30,2700000.0
15351,1401,12301272738,entertainment,95122,Purchase,30,2000000.0
15352,1401,12301272738,entertainment,95415,Purchase,30,300000.0
15353,1401,12301272738,entertainment,95418,Purchase,30,700000.0
15354,1401,12301272741,entertainment,95122,Purchase,30,4000000.0
15355,1401,12301273125,entertainment,95122,Purchase,30,2000000.0
15356,1401,12301273134,entertainment,95122,Purchase,30,1000000.0
15357,1401,12301273138,entertainment,95122,Purchase,30,2000000.0
15358,1401,12301273525,entertainment,95122,Purchase,30,1000000.0
15359,1401,12301273529,entertainment,93114,Purchase,30,1000000.0
15360,1401,12301273529,entertainment,95122,Purchase,30,1000000.0
15361,1401,12301273529,entertainment,95411,Purchase,30,1000000.0
15362,1401,12301273529,entertainment,95413,Purchase,30,100000.0
15363,1401,12301273529,entertainment,95415,Purchase,30,100000.0
15364,1401,12301273529,entertainment,95416,Purchase,30,1000000.0
15365,1401,12301273529,entertainment,95418,Purchase,30,300000.0
15366,1401,12301273529,entertainment,95425,Purchase,30,3000000.0
15367,1401,12301273532,entertainment,94211,Purchase,30,1500000.0
15368,1401,12301273532,entertainment,94213,Purchase,30,5600000.0
15369,1401,12301273532,entertainment,95122,Purchase,30,2000000.0
15370,1401,12301273532,entertainment,95211,Purchase,30,200000.0
15371,1401,12301273532,entertainment,95212,Purchase,30,500000.0
15372,1401,12301273536,entertainment,95122,Purchase,30,1000000.0
15373,1401,12301273538,entertainment,95122,Purchase,30,1000000.0
15374,1401,12301273925,entertainment,93114,Purchase,30,1000000.0
15375,1401,12301273925,entertainment,95122,Purchase,30,1000000.0
15376,1401,12301273928,entertainment,93114,Purchase,30,500000.0
15377,1401,12301273928,entertainment,95122,Purchase,30,2000000.0
15378,1401,12301273928,entertainment,95211,Purchase,30,100000.0
15379,1401,12301273938,entertainment,95122,Purchase,30,2000000.0
15380,1401,12301274736,entertainment,94112,Purchase,30,3500000.0
15381,1401,12301275138,entertainment,93116,Purchase,30,1000000.0
15382,1401,12301275138,entertainment,94211,Purchase,30,170000.0
15383,1401,12301275528,entertainment,93116,Purchase,30,1000000.0
15384,1401,12301275528,entertainment,93314,Purchase,30,400000.0
15385,1401,12301275538,entertainment,94112,Purchase,30,3000000.0
15386,1401,12301275541,entertainment,94111,Purchase,30,1600000.0
15387,1401,12301275932,entertainment,95122,Purchase,30,420000.0
15388,1401,12301275938,entertainment,94112,Purchase,30,3000000.0
15389,1401,12301275941,entertainment,94112,Purchase,30,6000000.0
15390,1401,12301276329,entertainment,94111,Purchase,30,1500000.0
15391,1401,12301276341,entertainment,94216,Purchase,30,1300000.0
15392,1401,12301276733,entertainment,93314,Purchase,30,3000000.0
15393,1401,12301277130,entertainment,93314,Purchase,30,1500000.0
15394,1401,12301277130,entertainment,95122,Purchase,30,500000.0
15395,1401,12301277138,entertainment,93114,Purchase,30,5000000.0
15396,1401,12301277138,entertainment,95411,Purchase,30,700000.0
15397,1401,12301277138,entertainment,95416,Purchase,30,1000000.0
15398,1401,12301277138,entertainment,95417,Purchase,30,300000.0
15399,1401,12301277141,entertainment,94115,Purchase,30,4000000.0
15400,1401,12301277538,entertainment,94213,Purchase,30,10000000.0
15401,1401,12301277926,entertainment,93314,Purchase,30,500000.0
15402,1401,12301277926,entertainment,95122,Purchase,30,1000000.0
15403,1401,12301277934,entertainment,94115,Purchase,30,2800000.0
15404,1401,12301279128,entertainment,93314,Purchase,30,320000.0
15405,1401,12301279527,entertainment,93114,Purchase,30,3000000.0
15406,1401,12301279527,entertainment,95411,Purchase,30,200000.0
15407,1401,12301279528,entertainment,93211,Purchase,30,400000.0
15408,1401,12301279528,entertainment,95415,Purchase,30,60000.0
15409,1401,12301279528,entertainment,95418,Purchase,30,70000.0
15410,1401,12301279929,entertainment,93211,Purchase,30,200000.0
15411,1401,12301279929,entertainment,94111,Purchase,30,200000.0
15412,1401,12301279929,entertainment,95413,Purchase,30,300000.0
15413,1401,12301279929,entertainment,95415,Purchase,30,200000.0
15414,1401,12301279931,entertainment,94111,Purchase,30,200000.0
15415,1401,12301279931,entertainment,94216,Purchase,30,500000.0
15416,1401,12301280338,entertainment,93114,Purchase,30,2000000.0
15417,1401,12301280341,entertainment,93314,Purchase,30,1600000.0
15418,1401,12301280733,entertainment,93314,Purchase,30,350000.0
15419,1401,12301280733,entertainment,94112,Purchase,30,2000000.0
15420,1401,12301280734,entertainment,94112,Purchase,30,2000000.0
15421,1401,12301280734,entertainment,94214,Purchase,30,200000.0
15422,1401,12301280734,entertainment,95411,Purchase,30,1000000.0
15423,1401,12301280734,entertainment,95413,Purchase,30,300000.0
15424,1401,12301280734,entertainment,95415,Purchase,30,300000.0
15425,1401,12301280734,entertainment,95416,Purchase,30,300000.0
15426,1401,12301280734,entertainment,95418,Purchase,30,700000.0
15427,1401,12301281141,entertainment,95122,Purchase,30,1500000.0
15428,1401,12301281529,entertainment,95212,Purchase,30,200000.0
15429,1401,12301282728,entertainment,93114,Purchase,30,1500000.0
15430,1401,12301282728,entertainment,94216,Purchase,30,700000.0
15431,1401,12301282728,entertainment,95413,Purchase,30,350000.0
15432,1401,12301282735,entertainment,95413,Purchase,30,350000.0
15433,1401,12301282735,entertainment,95418,Purchase,30,300000.0
15434,1401,12301282738,entertainment,93211,Purchase,30,650000.0
15435,1401,12301283133,entertainment,93211,Purchase,30,300000.0
15436,1401,12301283133,entertainment,95411,Purchase,30,300000.0
15437,1401,12301283133,entertainment,95413,Purchase,30,100000.0
15438,1401,12301283927,entertainment,93113,Purchase,30,900000.0
15439,1401,12301283927,entertainment,94216,Purchase,30,650000.0
15440,1401,12301283941,entertainment,93314,Purchase,30,4000000.0
15441,1401,12301283941,entertainment,94112,Purchase,30,2500000.0
15442,1401,12301284728,entertainment,93111,Purchase,30,5000000.0
15443,1401,12301284728,entertainment,93114,Purchase,30,5000000.0
15444,1401,12301285127,entertainment,94112,Purchase,30,6000000.0
15445,1401,12301285141,entertainment,94211,Purchase,30,350000.0
15446,1401,12303286341,entertainment,93114,Purchase,30,1700000.0
15447,1401,12309287526,entertainment,94112,Purchase,30,2500000.0
15448,1401,12309287938,entertainment,94111,Purchase,30,4000000.0
15449,1401,12309287938,entertainment,94112,Purchase,30,1000000.0
15450,1401,12317291935,entertainment,94111,Purchase,30,1000000.0
15451,1401,12320285938,entertainment,94112,Purchase,30,2500000.0
18700,1401,12301267735,entertainment,94112,Purchase,30,5000000.0
18701,1401,12301268138,entertainment,94112,Purchase,30,8000000.0
18702,1401,12301271334,entertainment,95122,Purchase,30,2500000.0
18703,1401,12301271726,entertainment,93312,Purchase,30,1500000.0
18704,1401,12301271726,entertainment,94112,Purchase,30,22000000.0
18705,1401,12301271726,entertainment,95122,Purchase,30,2000000.0
18706,1401,12301271726,entertainment,95411,Purchase,30,800000.0
18707,1401,12301271726,entertainment,95413,Purchase,30,200000.0
18708,1401,12301271730,entertainment,95122,Purchase,30,1000000.0
18709,1401,12301271741,entertainment,94112,Purchase,30,5000000.0
18710,1401,12301271741,entertainment,95122,Purchase,30,3000000.0
18711,1401,12301271741,entertainment,95411,Purchase,30,500000.0
18712,1401,12301271741,entertainment,95413,Purchase,30,200000.0
18713,1401,12301272127,entertainment,93116,Purchase,30,3000000.0
18714,1401,12301272127,entertainment,93314,Purchase,30,300000.0
18715,1401,12301272130,entertainment,94216,Purchase,30,600000.0
18716,1401,12301272132,entertainment,94111,Purchase,30,3000000.0
18717,1401,12301272134,entertainment,93314,Purchase,30,450000.0
18718,1401,12301272141,entertainment,94216,Purchase,30,350000.0
18719,1401,12301272141,entertainment,95122,Purchase,30,3000000.0
18720,1401,12301272926,entertainment,95411,Purchase,30,1000000.0
18721,1401,12301272926,entertainment,95415,Purchase,30,400000.0
18722,1401,12301272926,entertainment,95416,Purchase,30,600000.0
18723,1401,12301272926,entertainment,95418,Purchase,30,500000.0
18724,1401,12301272931,entertainment,93114,Purchase,30,3000000.0
18725,1401,12301272938,entertainment,94111,Purchase,30,400000.0
18726,1401,12301272938,entertainment,95411,Purchase,30,750000.0
18727,1401,12301272938,entertainment,95413,Purchase,30,400000.0
18728,1401,12301272938,entertainment,95418,Purchase,30,850000.0
18729,1401,12301273328,entertainment,93114,Purchase,30,200000.0
18730,1401,12301273328,entertainment,94113,Purchase,30,3000000.0
18731,1401,12301273328,entertainment,95122,Purchase,30,200000.0
18732,1401,12301273333,entertainment,95411,Purchase,30,500000.0
18733,1401,12301273333,entertainment,95413,Purchase,30,200000.0
18734,1401,12301273727,entertainment,93314,Purchase,30,200000.0
18735,1401,12301273727,entertainment,95122,Purchase,30,500000.0
18736,1401,12301273738,entertainment,93312,Purchase,30,1000000.0
18737,1401,12301273738,entertainment,93314,Purchase,30,6000000.0
18738,1401,12301274927,entertainment,93114,Purchase,30,400000.0
18739,1401,12301274927,entertainment,94111,Purchase,30,2000000.0
18740,1401,12301275329,entertainment,93314,Purchase,30,3000000.0
18741,1401,12301276528,entertainment,94112,Purchase,30,4000000.0
18742,1401,12301277327,entertainment,93314,Purchase,30,2000000.0
18743,1401,12301277327,entertainment,94112,Purchase,30,6000000.0
18744,1401,12301277327,entertainment,95122,Purchase,30,3000000.0
18745,1401,12301277335,entertainment,93114,Purchase,30,2000000.0
18746,1401,12301277338,entertainment,93114,Purchase,30,5000000.0
18747,1401,12301277727,entertainment,95122,Purchase,30,2000000.0
18748,1401,12301278135,entertainment,94111,Purchase,30,320000.0
18749,1401,12301278533,entertainment,93113,Purchase,30,1500000.0
18750,1401,12301278533,entertainment,93114,Purchase,30,1500000.0
18751,1401,12301278533,entertainment,94216,Purchase,30,300000.0
18752,1401,12301278538,entertainment,95411,Purchase,30,1000000.0
18753,1401,12301278538,entertainment,95415,Purchase,30,400000.0
18754,1401,12301278926,entertainment,94111,Purchase,30,2000000.0
18755,1401,12301279329,entertainment,94111,Purchase,30,140000.0
18756,1401,12301279332,entertainment,93314,Purchase,30,1000000.0
18757,1401,12301279341,entertainment,94111,Purchase,30,1600000.0
18758,1401,12301279341,entertainment,94112,Purchase,30,2500000.0
18759,1401,12301279341,entertainment,95411,Purchase,30,2850000.0
18760,1401,12301279341,entertainment,95413,Purchase,30,800000.0
18761,1401,12301279341,entertainment,95414,Purchase,30,750000.0
18762,1401,12301279341,entertainment,95416,Purchase,30,1200000.0
18763,1401,12301279341,entertainment,95417,Purchase,30,800000.0
18764,1401,12301279341,entertainment,95418,Purchase,30,2000000.0
18765,1401,12301279341,entertainment,95422,Purchase,30,500000.0
18766,1401,12301279729,entertainment,94112,Purchase,30,4000000.0
18767,1401,12301280528,entertainment,93114,Purchase,30,5800000.0
18768,1401,12301280528,entertainment,95411,Purchase,30,2500000.0
18769,1401,12301280528,entertainment,95413,Purchase,30,1000000.0
18770,1401,12301280528,entertainment,95414,Purchase,30,700000.0
18771,1401,12301280528,entertainment,95415,Purchase,30,800000.0
18772,1401,12301280528,entertainment,95416,Purchase,30,2000000.0
18773,1401,12301280528,entertainment,95417,Purchase,30,800000.0
18774,1401,12301280528,entertainment,95418,Purchase,30,2000000.0
18775,1401,12301280534,entertainment,95122,Purchase,30,4000000.0
18776,1401,12301281335,entertainment,94112,Purchase,30,1000000.0
18777,1401,12301281338,entertainment,95415,Purchase,30,300000.0
18778,1401,12301281338,entertainment,95418,Purchase,30,100000.0
18779,1401,12301281732,entertainment,94112,Purchase,30,600000.0
18780,1401,12301281741,entertainment,93114,Purchase,30,2000000.0
18781,1401,12301281741,entertainment,95411,Purchase,30,1800000.0
18782,1401,12301281741,entertainment,95413,Purchase,30,600000.0
18783,1401,12301281741,entertainment,95416,Purchase,30,800000.0
18784,1401,12301281741,entertainment,95418,Purchase,30,800000.0
18785,1401,12301282130,entertainment,95411,Purchase,30,500000.0
18786,1401,12301282130,entertainment,95418,Purchase,30,400000.0
18787,1401,12301282141,entertainment,94216,Purchase,30,350000.0
18788,1401,12301282141,entertainment,95411,Purchase,30,280000.0
18789,1401,12301282141,entertainment,95415,Purchase,30,220000.0
18790,1401,12301282141,entertainment,95418,Purchase,30,200000.0
18791,1401,12301282541,entertainment,94216,Purchase,30,2750000.0
18792,1401,12301282925,entertainment,95411,Purchase,30,2500000.0
18793,1401,12301282925,entertainment,95413,Purchase,30,850000.0
18794,1401,12301282925,entertainment,95416,Purchase,30,1500000.0
18795,1401,12301282925,entertainment,95417,Purchase,30,850000.0
18796,1401,12301282925,entertainment,95418,Purchase,30,2200000.0
18797,1401,12301282928,entertainment,93314,Purchase,30,500000.0
18798,1401,12301282928,entertainment,95122,Purchase,30,2400000.0
18799,1401,12301282933,entertainment,93314,Purchase,30,2000000.0
18800,1401,12301282938,entertainment,94216,Purchase,30,950000.0
18801,1401,12301282941,entertainment,93114,Purchase,30,3000000.0
18802,1401,12301283726,entertainment,95122,Purchase,30,500000.0
18803,1401,12301283726,entertainment,95415,Purchase,30,600000.0
18804,1401,12301283726,entertainment,95418,Purchase,30,400000.0
18805,1401,12301283732,entertainment,94112,Purchase,30,5000000.0
18806,1401,12301283741,entertainment,93311,Purchase,30,5500000.0
18807,1401,12301283741,entertainment,95122,Purchase,30,1500000.0
18808,1401,12301284936,entertainment,94111,Purchase,30,6000000.0
18809,1401,12301284936,entertainment,94112,Purchase,30,12000000.0
18810,1401,12309287730,entertainment,94112,Instead_of_Private_Service,30,18000000.0
18811,1401,12309287735,entertainment,94111,Purchase,30,1300000.0
18812,1401,12309287735,entertainment,94112,Purchase,30,6000000.0
18813,1401,12309287741,entertainment,94112,Purchase,30,4500000.0
18814,1401,12319292532,entertainment,94112,Purchase,30,2500000.0
18815,1401,12319292932,entertainment,94112,Purchase,30,1800000.0
22569,1401,12301267625,entertainment,94112,Purchase,30,1200000.0
22570,1401,12301267638,entertainment,95411,Purchase,30,1500000.0
22571,1401,12301267638,entertainment,95416,Purchase,30,1000000.0
22572,1401,12301267638,entertainment,95417,Purchase,30,500000.0
22573,1401,12301267638,entertainment,95418,Purchase,30,1500000.0
22574,1401,12301268030,entertainment,94112,Purchase,30,14000000.0
22575,1401,12301270438,entertainment,94112,Purchase,30,5000000.0
22576,1401,12301270826,entertainment,94211,Purchase,30,2000000.0
22577,1401,12301271631,entertainment,95122,Purchase,30,2000000.0
22578,1401,12301271631,entertainment,95411,Purchase,30,200000.0
22579,1401,12301271631,entertainment,95413,Purchase,30,50000.0
22580,1401,12301271638,entertainment,95122,Purchase,30,990000.0
22581,1401,12301271641,entertainment,93116,Purchase,30,1500000.0
22582,1401,12301271641,entertainment,95122,Purchase,30,1000000.0
22583,1401,12301273225,entertainment,93114,Purchase,30,1000000.0
22584,1401,12301273225,entertainment,95122,Purchase,30,1000000.0
22585,1401,12301273229,entertainment,95122,Purchase,30,1000000.0
22586,1401,12301273233,entertainment,93114,Purchase,30,1000000.0
22587,1401,12301273632,entertainment,94111,Purchase,30,7000000.0
22588,1401,12301273632,entertainment,94211,Purchase,30,2100000.0
22589,1401,12301273632,entertainment,95211,Purchase,30,2000000.0
22590,1401,12301273638,entertainment,93114,Purchase,30,20000000.0
22591,1401,12301273638,entertainment,93311,Purchase,30,4000000.0
22592,1401,12301273638,entertainment,93312,Purchase,30,2000000.0
22593,1401,12301273638,entertainment,93314,Purchase,30,4000000.0
22594,1401,12301273638,entertainment,94111,Purchase,30,20000000.0
22595,1401,12301273638,entertainment,94113,Purchase,30,5000000.0
22596,1401,12301273638,entertainment,94211,Purchase,30,3400000.0
22597,1401,12301273638,entertainment,95122,Purchase,30,2000000.0
22598,1401,12301273638,entertainment,95211,Purchase,30,1000000.0
22599,1401,12301273638,entertainment,95411,Purchase,30,2000000.0
22600,1401,12301273638,entertainment,95413,Purchase,30,500000.0
22601,1401,12301273638,entertainment,95415,Purchase,30,300000.0
22602,1401,12301273638,entertainment,95416,Purchase,30,600000.0
22603,1401,12301273638,entertainment,95418,Purchase,30,300000.0
22604,1401,12301273638,entertainment,95419,Purchase,30,300000.0
22605,1401,12301273638,entertainment,95425,Purchase,30,500000.0
22606,1401,12301274041,entertainment,94216,Purchase,30,400000.0
22607,1401,12301274827,entertainment,94112,Purchase,30,5000000.0
22608,1401,12301274835,entertainment,95211,Purchase,30,1600000.0
22609,1401,12301274841,entertainment,95411,Purchase,30,450000.0
22610,1401,12301274841,entertainment,95416,Purchase,30,750000.0
22611,1401,12301274841,entertainment,95418,Purchase,30,800000.0
22612,1401,12301275228,entertainment,93114,Purchase,30,180000.0
22613,1401,12301275228,entertainment,94216,Purchase,30,1000000.0
22614,1401,12301275233,entertainment,95122,Purchase,30,1000000.0
22615,1401,12301275236,entertainment,94216,Purchase,30,300000.0
22616,1401,12301275238,entertainment,91417,Purchase,30,500000.0
22617,1401,12301275632,entertainment,94112,Purchase,30,2500000.0
22618,1401,12301275641,entertainment,95211,Purchase,30,160000.0
22619,1401,12301276430,entertainment,93314,Purchase,30,1500000.0
22620,1401,12301276430,entertainment,94112,Purchase,30,5000000.0
22621,1401,12301276835,entertainment,94112,Purchase,30,2000000.0
22622,1401,12301277228,entertainment,94216,Purchase,30,2150000.0
22623,1401,12301277241,entertainment,94112,Purchase,30,4500000.0
22624,1401,12301277241,entertainment,95122,Purchase,30,400000.0
22625,1401,12301277241,entertainment,95415,Purchase,30,350000.0
22626,1401,12301277241,entertainment,95416,Purchase,30,500000.0
22627,1401,12301277241,entertainment,95418,Purchase,30,650000.0
22628,1401,12301277626,entertainment,95211,Purchase,30,4000000.0
22629,1401,12301277632,entertainment,94111,Purchase,30,1800000.0
22630,1401,12301277641,entertainment,94112,Purchase,30,1500000.0
22631,1401,12301277641,entertainment,94216,Purchase,30,900000.0
22632,1401,12301278035,entertainment,94111,Purchase,30,360000.0
22633,1401,12301278441,entertainment,93114,Purchase,30,1500000.0
22634,1401,12301278441,entertainment,95411,Purchase,30,750000.0
22635,1401,12301278441,entertainment,95415,Purchase,30,250000.0
22636,1401,12301278441,entertainment,95416,Purchase,30,500000.0
22637,1401,12301278441,entertainment,95418,Purchase,30,1500000.0
22638,1401,12301278828,entertainment,93314,Purchase,30,2000000.0
22639,1401,12301278832,entertainment,94111,Purchase,30,8000000.0
22640,1401,12301278832,entertainment,94112,Purchase,30,7000000.0
22641,1401,12301278832,entertainment,95122,Purchase,30,600000.0
22642,1401,12301278832,entertainment,95212,Purchase,30,400000.0
22643,1401,12301279627,entertainment,93311,Purchase,30,1000000.0
22644,1401,12301279627,entertainment,94111,Purchase,30,400000.0
22645,1401,12301279634,entertainment,94112,Purchase,30,2700000.0
22646,1401,12301280036,entertainment,94112,Purchase,30,2800000.0
22647,1401,12301280435,entertainment,94216,Purchase,30,500000.0
22648,1401,12301280438,entertainment,94211,Purchase,30,1800000.0
22649,1401,12301280441,entertainment,93114,Purchase,30,7000000.0
22650,1401,12301280441,entertainment,94111,Purchase,30,1200000.0
22651,1401,12301280441,entertainment,94216,Purchase,30,400000.0
22652,1401,12301280826,entertainment,94216,Purchase,30,750000.0
22653,1401,12301280829,entertainment,94111,Purchase,30,300000.0
22654,1401,12301281634,entertainment,94111,Purchase,30,700000.0
22655,1401,12301282034,entertainment,95411,Purchase,30,480000.0
22656,1401,12301282034,entertainment,95413,Purchase,30,400000.0
22657,1401,12301282034,entertainment,95415,Purchase,30,350000.0
22658,1401,12301282034,entertainment,95416,Purchase,30,600000.0
22659,1401,12301282034,entertainment,95418,Purchase,30,170000.0
22660,1401,12301282429,entertainment,93314,Purchase,30,2500000.0
22661,1401,12301282441,entertainment,94111,Purchase,30,600000.0
22662,1401,12301282441,entertainment,94112,Purchase,30,4500000.0
22663,1401,12301283232,entertainment,93114,Purchase,30,8500000.0
22664,1401,12301283232,entertainment,95411,Purchase,30,1500000.0
22665,1401,12301283232,entertainment,95413,Purchase,30,800000.0
22666,1401,12301283232,entertainment,95414,Purchase,30,1000000.0
22667,1401,12301283232,entertainment,95415,Purchase,30,450000.0
22668,1401,12301283232,entertainment,95417,Purchase,30,950000.0
22669,1401,12301283232,entertainment,95418,Purchase,30,1500000.0
22670,1401,12301283232,entertainment,95422,Purchase,30,950000.0
22671,1401,12301283234,entertainment,94112,Purchase,30,3000000.0
22672,1401,12301283234,entertainment,94211,Purchase,30,500000.0
22673,1401,12301283238,entertainment,94111,Purchase,30,9900000.0
22674,1401,12301283238,entertainment,95411,Purchase,30,2500000.0
22675,1401,12301283238,entertainment,95413,Purchase,30,1200000.0
22676,1401,12301283238,entertainment,95414,Purchase,30,1500000.0
22677,1401,12301283238,entertainment,95416,Purchase,30,2500000.0
22678,1401,12301283238,entertainment,95417,Purchase,30,1200000.0
22679,1401,12301283238,entertainment,95418,Purchase,30,2500000.0
22680,1401,12301283238,entertainment,95422,Purchase,30,1500000.0
22681,1401,12301283632,entertainment,93314,Purchase,30,1800000.0
22682,1401,12301283638,entertainment,93113,Purchase,30,2000000.0
22683,1401,12301283641,entertainment,94112,Purchase,30,3000000.0
22684,1401,12303286433,entertainment,93314,Purchase,30,400000.0
22685,1401,12303286433,entertainment,95122,Purchase,30,1100000.0
22686,1401,12309287638,entertainment,94111,Purchase,30,1000000.0
22687,1401,12309287638,entertainment,94112,Purchase,30,4000000.0
22688,1401,12310289635,entertainment,94111,Purchase,30,600000.0
