,Year,ID,Table_Name,Commodity_Code,Provision_Method,Duration,Expenditure,Secondhand_Sale
2533,1401,22303633438,investment,33214,Purchase,360,30000000.0,
2534,1401,22314637938,investment,33190,Purchase,360,300000000.0,
4020,1401,12301265531,investment,33190,Purchase,360,30000000.0,
4021,1401,12301266338,investment,33190,Purchase,360,50000000.0,
4022,1401,12301266338,investment,33236,Purchase,360,250000000.0,
4023,1401,12301278341,investment,33214,Purchase,360,22000000.0,
4024,1401,12301281131,investment,33214,Purchase,360,150000000.0,
4025,1401,12301281538,investment,33214,Purchase,360,30000000.0,
4026,1401,12301283125,investment,33214,Purchase,360,110000000.0,
4027,1401,12301283138,investment,33214,Purchase,360,20000000.0,
4028,1401,12301283930,investment,33214,Purchase,360,530000000.0,
4029,1401,12301284735,investment,33134,Purchase,360,30000000000.0,
4030,1401,12301284735,investment,33156,Purchase,360,200000000.0,
4031,1401,12301284735,investment,33167,Purchase,360,300000000.0,
4032,1401,12318287138,investment,33214,Purchase,360,30000000.0,
4585,1401,12301273426,investment,33134,Purchase,360,24500000000.0,
4586,1401,12301273426,investment,33156,Purchase,360,300000000.0,
4587,1401,12301273426,investment,33167,Purchase,360,200000000.0,
4588,1401,12301273428,investment,33134,Purchase,360,21700000000.0,
4589,1401,12301273428,investment,33156,Purchase,360,200000000.0,
4590,1401,12301273428,investment,33167,Purchase,360,100000000.0,
4591,1401,12301275825,investment,33214,Purchase,360,120000000.0,
4592,1401,12301276241,investment,33214,Purchase,360,810000000.0,
4593,1401,12301282234,investment,33214,Purchase,360,1000000000.0,
4594,1401,12313290629,investment,33134,Purchase,360,30550000000.0,
4595,1401,12313290629,investment,33145,Purchase,360,1645000000.0,
5139,1401,12301268134,investment,33190,Purchase,360,400000000.0,
5140,1401,12301283341,investment,33214,Purchase,360,30000000.0,
5672,1401,12301275236,investment,33214,Purchase,360,40000000.0,
5673,1401,12301280435,investment,33214,Purchase,360,38000000.0,
