,Year,ID,Table_Name,Commodity_Code,Provision_Method,Duration,Expenditure
773,1399,22303633326,entertainment,93114,Purchase,30,200000.0
774,1399,22303633326,entertainment,93211,Purchase,30,100000.0
775,1399,22303633320,entertainment,95411,Purchase,30,240000.0
776,1399,22310635715,entertainment,94112,Purchase,30,2000000.0
777,1399,22310635729,entertainment,93114,Purchase,30,600000.0
778,1399,22301631629,entertainment,95411,Purchase,30,100000.0
779,1399,22301631629,entertainment,95413,Purchase,30,50000.0
780,1399,22313637314,entertainment,94112,Purchase,30,4000000.0
3009,1399,22303633420,entertainment,93114,Purchase,30,1500000.0
3010,1399,22302632215,entertainment,93312,Purchase,30,150000.0
3011,1399,22303632613,entertainment,95122,Purchase,30,150000.0
3012,1399,22303632613,entertainment,95411,Purchase,30,1000000.0
3013,1399,22303632613,entertainment,95412,Purchase,30,500000.0
3014,1399,22303632613,entertainment,95413,Purchase,30,280000.0
3015,1399,22303632613,entertainment,95414,Purchase,30,600000.0
3016,1399,22303632613,entertainment,95417,Purchase,30,400000.0
3017,1399,22303632613,entertainment,95422,Purchase,30,120000.0
3018,1399,22303632619,entertainment,95411,Purchase,30,300000.0
3019,1399,22303632619,entertainment,95413,Purchase,30,60000.0
3020,1399,22303633018,entertainment,93314,Purchase,30,6000000.0
3021,1399,22303633019,entertainment,93211,Purchase,30,120000.0
3022,1399,22303633023,entertainment,93117,Purchase,30,500000.0
3023,1399,22303633429,entertainment,93314,Purchase,30,600000.0
3024,1399,22310635414,entertainment,95122,Purchase,30,450000.0
3025,1399,22310635429,entertainment,93114,Purchase,30,750000.0
3026,1399,22319638720,entertainment,95411,Purchase,30,250000.0
3027,1399,22319638720,entertainment,95413,Purchase,30,100000.0
3028,1399,22319638720,entertainment,95415,Purchase,30,50000.0
3029,1399,22319638720,entertainment,95418,Purchase,30,100000.0
3030,1399,22319638724,entertainment,95411,Purchase,30,500000.0
3031,1399,22319638724,entertainment,95415,Purchase,30,200000.0
3032,1399,22319638724,entertainment,95418,Purchase,30,300000.0
3033,1399,22319638724,entertainment,95425,Purchase,30,300000.0
3034,1399,22310635824,entertainment,93114,Purchase,30,500000.0
3035,1399,22310635824,entertainment,95122,Purchase,30,250000.0
5476,1399,22301631426,entertainment,95411,Purchase,30,500000.0
5477,1399,22301631426,entertainment,95413,Purchase,30,200000.0
5478,1399,22301631426,entertainment,95418,Purchase,30,150000.0
5479,1399,22301631426,entertainment,95422,Purchase,30,150000.0
5480,1399,22303633523,entertainment,93113,Purchase,30,300000.0
5481,1399,22303633523,entertainment,93114,Purchase,30,140000.0
5482,1399,22303633523,entertainment,95411,Purchase,30,120000.0
5483,1399,22303633523,entertainment,95415,Purchase,30,80000.0
5484,1399,22303633523,entertainment,95419,Purchase,30,100000.0
5485,1399,22310635517,entertainment,93114,Purchase,30,70000.0
5486,1399,22319638820,entertainment,95411,Purchase,30,100000.0
5487,1399,22319638820,entertainment,95415,Purchase,30,50000.0
5488,1399,22319638820,entertainment,95418,Purchase,30,70000.0
5489,1399,22319638820,entertainment,95422,Purchase,30,10000.0
5490,1399,22303632719,entertainment,95211,Purchase,30,1000000.0
5491,1399,22303632723,entertainment,94112,Purchase,30,1450000.0
5492,1399,22303633526,entertainment,95415,Purchase,30,50000.0
5493,1399,22303633526,entertainment,95418,Purchase,30,150000.0
5494,1399,22310635526,entertainment,95411,Purchase,30,200000.0
5495,1399,22310635526,entertainment,95415,Purchase,30,150000.0
5496,1399,22310635526,entertainment,95418,Purchase,30,100000.0
5497,1399,22310635526,entertainment,95422,Purchase,30,50000.0
5498,1399,22312635914,entertainment,93114,Purchase,30,150000.0
5499,1399,22312635914,entertainment,95411,Purchase,30,120000.0
5500,1399,22312635914,entertainment,95413,Purchase,30,30000.0
5501,1399,22312635914,entertainment,95422,Purchase,30,70000.0
5502,1399,22312635926,entertainment,95411,Purchase,30,100000.0
5503,1399,22312635926,entertainment,95413,Purchase,30,30000.0
5504,1399,22312635926,entertainment,95418,Purchase,30,100000.0
5505,1399,22312635926,entertainment,95422,Purchase,30,70000.0
7636,1399,22303633220,entertainment,94112,Purchase,30,1500000.0
7637,1399,22301631514,entertainment,91417,Purchase,30,150000.0
7638,1399,22301631514,entertainment,93114,Purchase,30,750000.0
7639,1399,22301631514,entertainment,95415,Purchase,30,50000.0
7640,1399,22301631514,entertainment,95416,Purchase,30,350000.0
7641,1399,22301631517,entertainment,95411,Purchase,30,350000.0
7642,1399,22301631517,entertainment,95415,Purchase,30,150000.0
7643,1399,22301631517,entertainment,95418,Purchase,30,150000.0
7644,1399,22301631520,entertainment,91417,Purchase,30,100000.0
7645,1399,22301631520,entertainment,93114,Purchase,30,450000.0
7646,1399,22301631526,entertainment,95413,Purchase,30,150000.0
7647,1399,22302631929,entertainment,93116,Purchase,30,1200000.0
7648,1399,22303633621,entertainment,94216,Purchase,30,300000.0
7649,1399,22310635614,entertainment,93113,Purchase,30,500000.0
7650,1399,22310635614,entertainment,93116,Purchase,30,500000.0
7651,1399,22310635620,entertainment,93114,Purchase,30,850000.0
7652,1399,22314637718,entertainment,93114,Purchase,30,1200000.0
7653,1399,22314637723,entertainment,95411,Purchase,30,650000.0
7654,1399,22314637723,entertainment,95415,Purchase,30,250000.0
7655,1399,22314637723,entertainment,95418,Purchase,30,350000.0
7656,1399,22314637723,entertainment,95422,Purchase,30,150000.0
8842,1399,12301274315,entertainment,95122,Purchase,30,1600000.0
8843,1399,12301274316,entertainment,93114,Purchase,30,1000000.0
8844,1399,12301274316,entertainment,93314,Purchase,30,300000.0
8845,1399,12301274316,entertainment,94216,Purchase,30,1500000.0
8846,1399,12301272729,entertainment,95122,Purchase,30,4000000.0
8847,1399,12301273126,entertainment,93511,Purchase,30,300000.0
8848,1399,12301273126,entertainment,95122,Purchase,30,400000.0
8849,1399,12301273919,entertainment,95211,Purchase,30,100000.0
8850,1399,12301273919,entertainment,95413,Purchase,30,250000.0
8851,1399,12301275121,entertainment,93114,Purchase,30,240000.0
8852,1399,12301275518,entertainment,95122,Purchase,30,400000.0
8853,1399,12301275523,entertainment,94216,Purchase,30,3000000.0
8854,1399,12301275920,entertainment,93314,Purchase,30,400000.0
8855,1399,12301275920,entertainment,95122,Purchase,30,230000.0
8856,1399,12301276723,entertainment,93314,Purchase,30,100000.0
8857,1399,12301277129,entertainment,95418,Purchase,30,70000.0
8858,1399,12301273123,entertainment,93511,Purchase,30,300000.0
8859,1399,12301277918,entertainment,93314,Purchase,30,200000.0
8860,1399,12301277918,entertainment,95212,Purchase,30,200000.0
8861,1399,12301268317,entertainment,93116,Purchase,30,2800000.0
8862,1399,12301283121,entertainment,95211,Purchase,30,30000.0
8863,1399,12301280726,entertainment,94216,Purchase,30,250000.0
8864,1399,12301280726,entertainment,95211,Purchase,30,150000.0
8865,1399,12301272726,entertainment,93314,Purchase,30,500000.0
8866,1399,12301273526,entertainment,95122,Purchase,30,500000.0
8867,1399,12301274323,entertainment,93114,Purchase,30,2000000.0
8868,1399,12301274329,entertainment,93314,Purchase,30,3000000.0
8869,1399,12301274329,entertainment,94112,Purchase,30,6000000.0
8870,1399,12301276715,entertainment,93314,Purchase,30,300000.0
8871,1399,12301277914,entertainment,93314,Purchase,30,2000000.0
8872,1399,12301281518,entertainment,94216,Purchase,30,250000.0
8873,1399,12301279129,entertainment,93314,Purchase,30,700000.0
8874,1399,12301279126,entertainment,94115,Purchase,30,4500000.0
8875,1399,12301279518,entertainment,95122,Purchase,30,120000.0
8876,1399,12301279926,entertainment,93314,Purchase,30,300000.0
8877,1399,12301279917,entertainment,95411,Purchase,30,100000.0
8878,1399,12301279917,entertainment,95425,Purchase,30,150000.0
8879,1399,12301283914,entertainment,93314,Purchase,30,350000.0
8880,1399,12301285114,entertainment,95122,Purchase,30,3000000.0
8881,1399,12301282326,entertainment,93314,Purchase,30,150000.0
8882,1399,12301281129,entertainment,93314,Purchase,30,1500000.0
8883,1399,12301273922,entertainment,93314,Purchase,30,60000.0
8884,1399,12301274720,entertainment,93116,Purchase,30,1800000.0
8885,1399,12301277526,entertainment,93314,Purchase,30,4000000.0
8886,1399,12301277914,entertainment,95122,Purchase,30,3000000.0
8887,1399,12301281115,entertainment,95122,Purchase,30,200000.0
8888,1399,12301283924,entertainment,91417,Purchase,30,100000.0
8889,1399,12301283924,entertainment,95122,Purchase,30,1000000.0
8890,1399,12301277523,entertainment,93114,Purchase,30,700000.0
8891,1399,12301279523,entertainment,93314,Purchase,30,1600000.0
8892,1399,12301274316,entertainment,95122,Purchase,30,2000000.0
8893,1399,12301274321,entertainment,91417,Purchase,30,160000.0
8894,1399,12301274321,entertainment,93114,Purchase,30,1000000.0
8895,1399,12301281529,entertainment,95122,Purchase,30,200000.0
8896,1399,12301281529,entertainment,95415,Purchase,30,300000.0
8897,1399,12301281529,entertainment,95418,Purchase,30,200000.0
8898,1399,12301273523,entertainment,95122,Purchase,30,1200000.0
8899,1399,12301273523,entertainment,95211,Purchase,30,200000.0
8900,1399,12301273529,entertainment,95122,Purchase,30,500000.0
8901,1399,12301274326,entertainment,94112,Purchase,30,1000000.0
8902,1399,12301283115,entertainment,91417,Purchase,30,500000.0
11455,1399,12301284029,entertainment,91417,Purchase,30,160000.0
11456,1399,12301284029,entertainment,93114,Purchase,30,550000.0
11457,1399,12301284029,entertainment,95411,Purchase,30,150000.0
11458,1399,12301281226,entertainment,93116,Purchase,30,200000.0
11459,1399,12301281226,entertainment,95122,Purchase,30,900000.0
11460,1399,12301280026,entertainment,93314,Purchase,30,300000.0
11461,1399,12301275229,entertainment,93114,Purchase,30,200000.0
11462,1399,12301275229,entertainment,95411,Purchase,30,300000.0
11463,1399,12301275229,entertainment,95416,Purchase,30,200000.0
11464,1399,12301275229,entertainment,95418,Purchase,30,60000.0
11465,1399,12301280416,entertainment,93116,Purchase,30,500000.0
11466,1399,12301265629,entertainment,93114,Purchase,30,1000000.0
11467,1399,12301276015,entertainment,93114,Purchase,30,350000.0
11468,1399,12301276017,entertainment,93114,Purchase,30,1000000.0
11469,1399,12301276017,entertainment,93211,Purchase,30,300000.0
11470,1399,12301276017,entertainment,94112,Purchase,30,260000.0
11471,1399,12301276017,entertainment,95416,Purchase,30,450000.0
11472,1399,12301276826,entertainment,93114,Purchase,30,470000.0
11473,1399,12301276826,entertainment,95122,Purchase,30,100000.0
11474,1399,12301279218,entertainment,93114,Purchase,30,5500000.0
11475,1399,12301267623,entertainment,95411,Purchase,30,250000.0
11476,1399,12301267623,entertainment,95413,Purchase,30,100000.0
11477,1399,12301267623,entertainment,95415,Purchase,30,150000.0
11478,1399,12301271623,entertainment,93114,Purchase,30,500000.0
11479,1399,12301271623,entertainment,95122,Purchase,30,500000.0
11480,1399,12301276423,entertainment,93116,Purchase,30,1500000.0
11481,1399,12301276423,entertainment,93314,Purchase,30,1300000.0
11482,1399,12301279624,entertainment,93114,Purchase,30,1500000.0
11483,1399,12301279223,entertainment,94112,Purchase,30,800000.0
11484,1399,12301279213,entertainment,93114,Purchase,30,400000.0
11485,1399,12301276419,entertainment,91417,Purchase,30,900000.0
11486,1399,12301274815,entertainment,95411,Purchase,30,1000000.0
11487,1399,12301274815,entertainment,95413,Purchase,30,120000.0
11488,1399,12301274815,entertainment,95417,Purchase,30,330000.0
11489,1399,12301274815,entertainment,95418,Purchase,30,200000.0
11490,1399,12301276426,entertainment,95418,Purchase,30,200000.0
11491,1399,12301277621,entertainment,95411,Purchase,30,150000.0
11492,1399,12301277621,entertainment,95413,Purchase,30,100000.0
11493,1399,12301278018,entertainment,95122,Purchase,30,200000.0
11494,1399,12301281614,entertainment,93114,Purchase,30,700000.0
11495,1399,12301273226,entertainment,93114,Purchase,30,300000.0
11496,1399,12301273226,entertainment,95122,Purchase,30,200000.0
11497,1399,12301271626,entertainment,93314,Purchase,30,500000.0
11498,1399,12301275620,entertainment,93117,Purchase,30,100000.0
11499,1399,12301275620,entertainment,95122,Purchase,30,400000.0
11500,1399,12301276026,entertainment,93114,Purchase,30,200000.0
11501,1399,12301276819,entertainment,93314,Purchase,30,150000.0
11502,1399,12301276829,entertainment,93314,Purchase,30,1000000.0
11503,1399,12301277223,entertainment,95122,Purchase,30,1100000.0
11504,1399,12301277229,entertainment,95411,Purchase,30,1300000.0
11505,1399,12301277229,entertainment,95413,Purchase,30,400000.0
11506,1399,12301277229,entertainment,95415,Purchase,30,300000.0
11507,1399,12301277229,entertainment,95416,Purchase,30,300000.0
11508,1399,12301277229,entertainment,95417,Purchase,30,200000.0
11509,1399,12301277229,entertainment,95418,Purchase,30,300000.0
11510,1399,12301277229,entertainment,95422,Purchase,30,200000.0
11511,1399,12301277613,entertainment,93114,Purchase,30,1500000.0
11512,1399,12301277629,entertainment,93114,Purchase,30,400000.0
11513,1399,12301278420,entertainment,95211,Purchase,30,60000.0
11514,1399,12301278829,entertainment,95122,Purchase,30,150000.0
11515,1399,12301280018,entertainment,94216,Purchase,30,550000.0
11516,1399,12301273213,entertainment,95122,Purchase,30,400000.0
11517,1399,12301273213,entertainment,95211,Purchase,30,100000.0
11518,1399,12301273215,entertainment,93114,Purchase,30,200000.0
11519,1399,12301273220,entertainment,93114,Purchase,30,500000.0
11520,1399,12301273220,entertainment,93314,Purchase,30,500000.0
11521,1399,12301273220,entertainment,95122,Purchase,30,400000.0
11522,1399,12301280022,entertainment,93116,Purchase,30,700000.0
11523,1399,12301280022,entertainment,94216,Purchase,30,8000000.0
11524,1399,12301280426,entertainment,93314,Purchase,30,1000000.0
11525,1399,12301281220,entertainment,93314,Purchase,30,1000000.0
11526,1399,12301281618,entertainment,93114,Purchase,30,700000.0
11527,1399,12301281618,entertainment,94112,Purchase,30,1200000.0
11528,1399,12301282815,entertainment,93114,Purchase,30,1000000.0
11529,1399,12301282815,entertainment,93314,Purchase,30,500000.0
11530,1399,12301282826,entertainment,94112,Purchase,30,1200000.0
11531,1399,12301283220,entertainment,95211,Purchase,30,40000.0
11532,1399,12301283223,entertainment,95411,Purchase,30,1000000.0
11533,1399,12301283223,entertainment,95416,Purchase,30,1000000.0
11534,1399,12301283223,entertainment,95418,Purchase,30,1000000.0
11535,1399,12301283223,entertainment,95419,Purchase,30,140000.0
11536,1399,12301283223,entertainment,95422,Purchase,30,390000.0
11537,1399,12301283223,entertainment,95425,Purchase,30,380000.0
11538,1399,12301283223,entertainment,95427,Purchase,30,340000.0
11539,1399,12301283223,entertainment,95435,Purchase,30,750000.0
11540,1399,12301283617,entertainment,93314,Purchase,30,500000.0
11541,1399,12301283629,entertainment,93116,Purchase,30,1000000.0
11542,1399,12301283629,entertainment,95122,Purchase,30,450000.0
11543,1399,12301284020,entertainment,95411,Purchase,30,60000.0
11544,1399,12301284020,entertainment,95416,Purchase,30,70000.0
11545,1399,12301284026,entertainment,94112,Purchase,30,1500000.0
11546,1399,12319292814,entertainment,95411,Purchase,30,250000.0
11547,1399,12319292814,entertainment,95413,Purchase,30,100000.0
11548,1399,12319292814,entertainment,95415,Purchase,30,50000.0
11549,1399,12319292814,entertainment,95418,Purchase,30,100000.0
11550,1399,12319292814,entertainment,95425,Purchase,30,200000.0
11551,1399,12319292823,entertainment,95411,Purchase,30,200000.0
11552,1399,12319292823,entertainment,95413,Purchase,30,150000.0
11553,1399,12319292823,entertainment,95418,Purchase,30,100000.0
11554,1399,12319292823,entertainment,95422,Purchase,30,50000.0
14475,1399,12301282114,entertainment,95415,Purchase,30,100000.0
14476,1399,12301282114,entertainment,95416,Purchase,30,100000.0
14477,1399,12301282114,entertainment,95418,Purchase,30,200000.0
14478,1399,12301282514,entertainment,93211,Purchase,30,560000.0
14479,1399,12301282514,entertainment,93314,Purchase,30,750000.0
14480,1399,12301266129,entertainment,93114,Purchase,30,5000000.0
14481,1399,12301266129,entertainment,95122,Purchase,30,1000000.0
14482,1399,12301273721,entertainment,95211,Purchase,30,200000.0
14483,1399,12301273721,entertainment,95212,Purchase,30,200000.0
14484,1399,12301274929,entertainment,93116,Purchase,30,1000000.0
14485,1399,12301274929,entertainment,95122,Purchase,30,400000.0
14486,1399,12301274929,entertainment,95411,Purchase,30,1000000.0
14487,1399,12301275714,entertainment,95211,Purchase,30,360000.0
14488,1399,12301277315,entertainment,93311,Purchase,30,2000000.0
14489,1399,12301277315,entertainment,93314,Purchase,30,2000000.0
14490,1399,12301277315,entertainment,94112,Purchase,30,4400000.0
14491,1399,12301277315,entertainment,95122,Purchase,30,3000000.0
14492,1399,12301277329,entertainment,93314,Purchase,30,600000.0
14493,1399,12301274921,entertainment,95122,Purchase,30,600000.0
14494,1399,12301274929,entertainment,95414,Purchase,30,500000.0
14495,1399,12301274929,entertainment,95423,Purchase,30,500000.0
14496,1399,12301274929,entertainment,95425,Purchase,30,200000.0
14497,1399,12301276126,entertainment,91417,Purchase,30,2900000.0
14498,1399,12301278517,entertainment,93114,Purchase,30,4000000.0
14499,1399,12301278520,entertainment,95122,Purchase,30,500000.0
14500,1399,12301278523,entertainment,95122,Purchase,30,2370000.0
14501,1399,12301279719,entertainment,93116,Purchase,30,1600000.0
14502,1399,12301279719,entertainment,95417,Purchase,30,150000.0
14503,1399,12301279719,entertainment,95418,Purchase,30,50000.0
14504,1399,12301280915,entertainment,93314,Purchase,30,2500000.0
14505,1399,12301276113,entertainment,93114,Purchase,30,500000.0
14506,1399,12301276113,entertainment,93314,Purchase,30,500000.0
14507,1399,12306286922,entertainment,95413,Purchase,30,45000.0
14508,1399,12306286922,entertainment,95422,Purchase,30,30000.0
14509,1399,12301267729,entertainment,95413,Purchase,30,50000.0
14510,1399,12301275313,entertainment,93114,Purchase,30,2000000.0
14511,1399,12301276126,entertainment,93314,Purchase,30,800000.0
14512,1399,12301276921,entertainment,94216,Purchase,30,700000.0
14513,1399,12301276921,entertainment,95411,Purchase,30,400000.0
14514,1399,12301276921,entertainment,95413,Purchase,30,250000.0
14515,1399,12301276929,entertainment,94216,Purchase,30,500000.0
14516,1399,12301272920,entertainment,93314,Purchase,30,400000.0
14517,1399,12301272920,entertainment,95122,Purchase,30,700000.0
14518,1399,12301275718,entertainment,95211,Purchase,30,30000.0
14519,1399,12301275722,entertainment,95411,Purchase,30,1200000.0
14520,1399,12301275722,entertainment,95413,Purchase,30,500000.0
14521,1399,12301275722,entertainment,95414,Purchase,30,200000.0
14522,1399,12301275722,entertainment,95415,Purchase,30,300000.0
14523,1399,12301275722,entertainment,95416,Purchase,30,400000.0
14524,1399,12301275722,entertainment,95417,Purchase,30,200000.0
14525,1399,12301275722,entertainment,95418,Purchase,30,300000.0
14526,1399,12301275722,entertainment,95422,Purchase,30,100000.0
14527,1399,12301275726,entertainment,95411,Purchase,30,300000.0
14528,1399,12301275726,entertainment,95415,Purchase,30,200000.0
14529,1399,12301275726,entertainment,95416,Purchase,30,200000.0
14530,1399,12301275726,entertainment,95418,Purchase,30,200000.0
14531,1399,12301275726,entertainment,95419,Purchase,30,100000.0
14532,1399,12301279315,entertainment,93111,Purchase,30,1000000.0
14533,1399,12301279315,entertainment,93314,Purchase,30,1000000.0
14534,1399,12301279316,entertainment,91417,Purchase,30,400000.0
14535,1399,12301279316,entertainment,95411,Purchase,30,800000.0
14536,1399,12301279316,entertainment,95413,Purchase,30,600000.0
14537,1399,12301279316,entertainment,95416,Purchase,30,200000.0
14538,1399,12301279316,entertainment,95417,Purchase,30,300000.0
14539,1399,12301279316,entertainment,95418,Purchase,30,700000.0
14540,1399,12301279316,entertainment,95422,Purchase,30,400000.0
14541,1399,12301278129,entertainment,95122,Purchase,30,900000.0
14542,1399,12301273314,entertainment,95211,Purchase,30,100000.0
14543,1399,12301273320,entertainment,95418,Purchase,30,1000000.0
14544,1399,12301276524,entertainment,93314,Purchase,30,1500000.0
14545,1399,12301276526,entertainment,95411,Purchase,30,360000.0
14546,1399,12301276526,entertainment,95413,Purchase,30,150000.0
14547,1399,12301276526,entertainment,95416,Purchase,30,70000.0
14548,1399,12301276526,entertainment,95417,Purchase,30,100000.0
14549,1399,12301277319,entertainment,93211,Purchase,30,1800000.0
14550,1399,12301277319,entertainment,94112,Purchase,30,2500000.0
14551,1399,12301277319,entertainment,94216,Purchase,30,550000.0
14552,1399,12301278121,entertainment,95411,Purchase,30,1000000.0
14553,1399,12301278121,entertainment,95413,Purchase,30,500000.0
14554,1399,12301278121,entertainment,95414,Purchase,30,150000.0
14555,1399,12301278121,entertainment,95415,Purchase,30,200000.0
14556,1399,12301278121,entertainment,95416,Purchase,30,300000.0
14557,1399,12301278121,entertainment,95417,Purchase,30,250000.0
14558,1399,12301278121,entertainment,95418,Purchase,30,300000.0
14559,1399,12301278121,entertainment,95422,Purchase,30,300000.0
14560,1399,12301279326,entertainment,93314,Purchase,30,4000000.0
14561,1399,12301279329,entertainment,94112,Purchase,30,1300000.0
14562,1399,12301280520,entertainment,95411,Purchase,30,800000.0
14563,1399,12301280520,entertainment,95413,Purchase,30,300000.0
14564,1399,12301280520,entertainment,95418,Purchase,30,400000.0
14565,1399,12301280916,entertainment,94216,Purchase,30,2200000.0
14566,1399,12301280924,entertainment,95411,Purchase,30,110000.0
14567,1399,12301281326,entertainment,95411,Purchase,30,400000.0
14568,1399,12301281326,entertainment,95413,Purchase,30,200000.0
14569,1399,12301281326,entertainment,95416,Purchase,30,200000.0
14570,1399,12301281329,entertainment,95416,Purchase,30,100000.0
14571,1399,12301282929,entertainment,93314,Purchase,30,500000.0
14572,1399,12301282929,entertainment,95415,Purchase,30,200000.0
14573,1399,12301282929,entertainment,95416,Purchase,30,200000.0
14574,1399,12301283726,entertainment,91417,Purchase,30,240000.0
14575,1399,12301278926,entertainment,95212,Purchase,30,25000.0
14576,1399,12301282523,entertainment,95411,Purchase,30,400000.0
14577,1399,12301282523,entertainment,95415,Purchase,30,200000.0
14578,1399,12301282523,entertainment,95416,Purchase,30,200000.0
14579,1399,12301283716,entertainment,93314,Purchase,30,3000000.0
14580,1399,12301283716,entertainment,95122,Purchase,30,2000000.0
14581,1399,12301278129,entertainment,93114,Purchase,30,250000.0
17088,1399,12301268216,entertainment,93116,Purchase,30,1000000.0
17089,1399,12301268216,entertainment,95411,Purchase,30,350000.0
17090,1399,12301268216,entertainment,95415,Purchase,30,250000.0
17091,1399,12301268216,entertainment,95418,Purchase,30,300000.0
17092,1399,12301268216,entertainment,95422,Purchase,30,150000.0
17093,1399,12301267826,entertainment,94112,Purchase,30,1600000.0
17094,1399,12301265814,entertainment,95411,Purchase,30,150000.0
17095,1399,12301265814,entertainment,95413,Purchase,30,80000.0
17096,1399,12301265814,entertainment,95422,Purchase,30,120000.0
17097,1399,12301276629,entertainment,94216,Purchase,30,850000.0
17098,1399,12301276629,entertainment,95411,Purchase,30,200000.0
17099,1399,12301276629,entertainment,95413,Purchase,30,200000.0
17100,1399,12301276629,entertainment,95416,Purchase,30,100000.0
17101,1399,12301277426,entertainment,93114,Purchase,30,3000000.0
17102,1399,12301277426,entertainment,94112,Purchase,30,900000.0
17103,1399,12301277426,entertainment,95412,Purchase,30,200000.0
17104,1399,12301275419,entertainment,94112,Purchase,30,1200000.0
17105,1399,12301281814,entertainment,95413,Purchase,30,120000.0
17106,1399,12301281814,entertainment,95415,Purchase,30,120000.0
17107,1399,12301281820,entertainment,93211,Purchase,30,400000.0
17108,1399,12301276626,entertainment,95122,Purchase,30,800000.0
17109,1399,12301276621,entertainment,93314,Purchase,30,500000.0
17110,1399,12301268213,entertainment,91417,Purchase,30,1000000.0
17111,1399,12301268213,entertainment,95122,Purchase,30,500000.0
17112,1399,12301268213,entertainment,95411,Purchase,30,400000.0
17113,1399,12301268213,entertainment,95415,Purchase,30,200000.0
17114,1399,12301268213,entertainment,95418,Purchase,30,300000.0
17115,1399,12301276614,entertainment,93314,Purchase,30,1400000.0
17116,1399,12301276614,entertainment,95413,Purchase,30,30000.0
17117,1399,12301276614,entertainment,95414,Purchase,30,70000.0
17118,1399,12301276614,entertainment,95418,Purchase,30,80000.0
17119,1399,12301276214,entertainment,95411,Purchase,30,1000000.0
17120,1399,12301276214,entertainment,95413,Purchase,30,230000.0
17121,1399,12301276214,entertainment,95414,Purchase,30,270000.0
17122,1399,12301276214,entertainment,95418,Purchase,30,250000.0
17123,1399,12301276214,entertainment,95422,Purchase,30,120000.0
17124,1399,12301273817,entertainment,95211,Purchase,30,200000.0
17125,1399,12301279821,entertainment,94112,Purchase,30,1200000.0
17126,1399,12301281424,entertainment,93314,Purchase,30,200000.0
17127,1399,12301281018,entertainment,95212,Purchase,30,350000.0
17128,1399,12303286213,entertainment,94112,Purchase,30,750000.0
17129,1399,12301282214,entertainment,95211,Purchase,30,300000.0
17130,1399,12303286226,entertainment,95411,Purchase,30,150000.0
17131,1399,12303286226,entertainment,95413,Purchase,30,100000.0
17132,1399,12303286226,entertainment,95416,Purchase,30,100000.0
17133,1399,12303286226,entertainment,95418,Purchase,30,50000.0
17134,1399,12317291423,entertainment,94112,Purchase,30,1500000.0
17135,1399,12301283426,entertainment,93314,Purchase,30,2000000.0
17136,1399,12301278229,entertainment,95122,Purchase,30,500000.0
17137,1399,12301278221,entertainment,93114,Purchase,30,1000000.0
17138,1399,12301278221,entertainment,93314,Purchase,30,200000.0
17139,1399,12301272619,entertainment,93113,Purchase,30,3000000.0
17140,1399,12301272619,entertainment,93314,Purchase,30,2500000.0
17141,1399,12301280226,entertainment,93314,Purchase,30,1600000.0
17142,1399,12301280226,entertainment,94112,Purchase,30,2800000.0
17143,1399,12301279417,entertainment,91417,Purchase,30,150000.0
17144,1399,12301268226,entertainment,93116,Purchase,30,3000000.0
17145,1399,12301268226,entertainment,95122,Purchase,30,2000000.0
17146,1399,12301268226,entertainment,95411,Purchase,30,900000.0
17147,1399,12301268226,entertainment,95413,Purchase,30,350000.0
17148,1399,12301268226,entertainment,95417,Purchase,30,500000.0
17149,1399,12301268226,entertainment,95418,Purchase,30,150000.0
17150,1399,12301268226,entertainment,95422,Purchase,30,150000.0
17151,1399,12301279017,entertainment,93314,Purchase,30,800000.0
17152,1399,12301279026,entertainment,95411,Purchase,30,480000.0
17153,1399,12301279026,entertainment,95413,Purchase,30,400000.0
17154,1399,12301279026,entertainment,95418,Purchase,30,100000.0
17155,1399,12301273023,entertainment,95211,Purchase,30,100000.0
17156,1399,12301275014,entertainment,94112,Purchase,30,1500000.0
17157,1399,12301283022,entertainment,93211,Purchase,30,750000.0
17158,1399,12301283022,entertainment,93314,Purchase,30,350000.0
17159,1399,12301283022,entertainment,95411,Purchase,30,550000.0
17160,1399,12301283022,entertainment,95415,Purchase,30,70000.0
17161,1399,12301283022,entertainment,95416,Purchase,30,70000.0
17162,1399,12301283022,entertainment,95417,Purchase,30,220000.0
17163,1399,12301283826,entertainment,94216,Purchase,30,7000000.0
17164,1399,12301275423,entertainment,95211,Purchase,30,120000.0
17165,1399,12301273016,entertainment,95211,Purchase,30,100000.0
17166,1399,12301274226,entertainment,94112,Purchase,30,2000000.0
17167,1399,12301277826,entertainment,91417,Purchase,30,400000.0
17168,1399,12301277826,entertainment,95413,Purchase,30,200000.0
17169,1399,12301277826,entertainment,95422,Purchase,30,100000.0
17170,1399,12301282615,entertainment,95411,Purchase,30,160000.0
17171,1399,12301282615,entertainment,95416,Purchase,30,160000.0
17172,1399,12301282615,entertainment,95418,Purchase,30,100000.0
17173,1399,12301277023,entertainment,91417,Purchase,30,500000.0
17174,1399,12301277023,entertainment,95122,Purchase,30,500000.0
17175,1399,12301274620,entertainment,94112,Purchase,30,2500000.0
17176,1399,12301282617,entertainment,93114,Purchase,30,5000000.0
17177,1399,12301273029,entertainment,95211,Purchase,30,120000.0
17178,1399,12301282622,entertainment,93211,Purchase,30,100000.0
17179,1399,12301282626,entertainment,94112,Purchase,30,1800000.0
17180,1399,12301282626,entertainment,95411,Purchase,30,200000.0
17181,1399,12301282626,entertainment,95416,Purchase,30,550000.0
17182,1399,12301282626,entertainment,95418,Purchase,30,150000.0
17183,1399,12301278218,entertainment,93114,Purchase,30,600000.0
17184,1399,12301278218,entertainment,93314,Purchase,30,150000.0
17185,1399,12301278218,entertainment,95411,Purchase,30,150000.0
17186,1399,12301277824,entertainment,93314,Purchase,30,1700000.0
17187,1399,12301272623,entertainment,93116,Purchase,30,1000000.0
17188,1399,12301268213,entertainment,95422,Purchase,30,100000.0
17189,1399,12301273429,entertainment,93314,Purchase,30,500000.0
17190,1399,12301283420,entertainment,94112,Purchase,30,3000000.0
17191,1399,12301283420,entertainment,95122,Purchase,30,500000.0
17192,1399,12301275817,entertainment,93314,Purchase,30,3000000.0
17193,1399,12301275817,entertainment,94111,Purchase,30,4500000.0
17194,1399,12301275817,entertainment,95122,Purchase,30,6000000.0
17195,1399,12301275817,entertainment,95212,Purchase,30,300000.0
17196,1399,12301275817,entertainment,95413,Purchase,30,9000000.0
17197,1399,12301277019,entertainment,93114,Purchase,30,7000000.0
17198,1399,12301279023,entertainment,95413,Purchase,30,120000.0
17199,1399,12301279023,entertainment,95415,Purchase,30,40000.0
17200,1399,12301280626,entertainment,93211,Purchase,30,160000.0
17201,1399,12301281426,entertainment,94112,Purchase,30,400000.0
